#,Author,Total Poems,Live,Verse Daily,Poetry Daily,RALP,Slowdown
1,Sean Cho A.,5,,4,,,1
2,William Aarnes,2,,2,,,
3,Diya Abbas,1,,,1,,
4,Chris Abbate,2,,2,,,
5,Garous Abdolmalekian,5,,,1,2,2
6,Ra'ad Abdulqadir,1,,,1,,
7,Hanif Abdurraqib,6,,,,4,2
8,Aria Aber,1,,,,,1
9,Kweku Abimbola,1,,,,,1
10,leena aboutaleb,1,,,1,,
11,George Abraham,4,,,1,3,
12,Rachel Abramowitz,4,,3,1,,
13,Seth Abramson,1,,1,,,
14,Jessica Abughattas,1,,,,,1
15,Chad Abushanab,2,,2,,,
16,Elizabeth Acevedo,1,,1,,,
17,Bhion Achimba,1,,,1,,
18,Diane Ackerman,2,,,,2,
19,Stephen Ackerman,1,,1,,,
20,Paige Ackerson-Kiely,3,,3,,,
21,Nicole Adabunu,1,,1,,,
22,Erin Adair-Hodges,1,,,1,,
23,Leslie Adams,1,,1,,,
24,Carl Adamshick,1,,1,,,
25,Stephanie Adams-Santos,1,,1,,,
26,Betty Adcock,1,,1,,,
27,Fleur Adcock,1,,,,1,
28,James Tadd Adcox,1,,,1,,
29,Kim Addonizio,13,,6,1,3,3
30,Gbenga Adesina,2,,,2,,
31,Alara Adilow,1,,,1,,
32,Hiwot Adilow,1,,1,,,
33,Tory Adkisson,2,,1,1,,
34,Nick Admussen,1,,1,,,
35,Etel Adnan,3,,,1,1,1
36,Adonis,1,,,,,1
37,Jorgenrique Adoum,1,,,1,,
38,Adedayo Agarau,1,,,1,,
39,O-Jeremiah Agbaakin,1,,,1,,
40,Tolu Agbelusi,1,,,1,,
41,Vidhu Aggarwal,1,,,,,1
42,Temperance Aghamohammadi,3,,,2,,1
43,Kelli Russell Agodon,12,,9,,1,2
44,Saida Agostini,2,,1,,1,
45,Sebastian Agudelo,2,,2,,,
46,Anthony Aguero,1,,,,,1
47,Alfredo Aguilar,1,,,,,1
48,Dominique Ahkong,1,,,,1,
49,Liz Ahl,2,,1,,,1
50,Dilruba Ahmed,1,,,,,1
51,Hussain Ahmed,4,,1,3,,
52,Kanika Ahuja,1,,,1,,
53,Ai,3,,,1,2,
54,Susan Aizenberg,1,,,,,1
55,Andrés Ajens,1,,,1,,
56,Sara Deniz Akant,1,,1,,,
57,Kaveh Akbar,7,,,,3,4
58,Ellery Akers,3,,2,,1,
59,Anna Akhmatova,4,,,,3,1
60,Yagmur Akyurek,1,,,1,,
61,Kemi Alabi,5,,2,1,,2
62,Toma alamun,1,,1,,,
63,Francisco X. Alarcón,2,,,,1,1
64,Cassandra de Alba,1,,1,,,
65,Dan Albergotti,19,,17,1,,1
66,Rafael Alberti,1,,,1,,
67,Sally Albiso,2,,2,,,
68,Malaika King Albrecht,1,,1,,,
69,Rosa Alcalá,1,,,,,1
70,José A. Alcantara,2,,,,,2
71,Alcman,1,,,1,,
72,Sandra Alcosser,1,,,,,1
73,Christian Aldana,2,,,,,2
74,Julia Carter Aldrich,1,,1,,,
75,Penelope Alegria,1,,,,1,
76,Jeff Alessandrelli,3,,3,,,
77,Carol Alexander,1,,1,,,
78,Elizabeth Alexander,4,,,,2,2
79,Pamela Alexander,1,,1,,,
80,Will Alexander,3,,,3,,
81,janan alexandra,1,,1,,,
82,Shay Alexi,1,,1,,,
83,Sherman Alexie,2,,2,,,
84,Maya Abu Al-Hayyat,5,,,1,3,1
85,Riad al-Saleh al-Hussein,1,,,1,,
86,Abdul Ali,1,,1,,,
87,Agha Shahid Ali,6,,,,5,1
88,Kazim Ali,4,,1,1,1,1
89,Sarah Ghazal Ali,4,,,3,,1
90,Taha Muhammad Ali,2,,,,,2
91,Kimberly Alidio,1,,,1,,
92,Dante Alighieri,2,,1,1,,
93,Austin Allen,1,,1,,,
94,Basie Allen,1,,,1,,
95,Dick Allen,2,,2,,,
96,Gilbert Allen,1,,1,,,
97,Justin Allen,1,,,1,,
98,Kelli Allen,1,,1,,,
99,Kendra Allen,1,,,1,,
100,Kenzie Allen,3,,,1,,2
101,Jason Allen-Paisant,3,,,3,,
102,Lauren K. Alleyne,4,,2,,,2
103,Andrew Allport,1,,1,,,
104,Hari Alluri,1,,1,,,
105,Ahmad Almallah,2,,,1,1,
106,Maram Al-Masri,1,,1,,,
107,Melanie Almeder,1,,1,,,
108,Threa Almontaser,3,,,2,,1
109,Shahd Alnaouq,1,,,,1,
110,Alise Alousi,1,,1,,,
111,David Alpaugh,1,,1,,,
112,Megan Alpert,3,,3,,,
113,Al-Saddiq Al-Raddi,1,,,1,,
114,Nuar Alsadir,1,,,,,1
115,Dana Alsamsam,1,,,1,,
116,Nasser Rabah & Hala al-Shrouf,1,,,1,,
117,Maureen Alsop,1,,1,,,
118,Zaina Alsous,1,,,,1,
119,Dan Alter,3,,2,,,1
120,Keith Althaus,1,,1,,,
121,Toby Altman,1,,,1,,
122,Howard Altmann,1,,1,,,
123,Mary Margaret Alvarado,2,,2,,,
124,Nico Alvarado-Greenwood,1,,1,,,
125,Philip Alvaré,1,,1,,,
126,Desirée Alvarez,1,,,,,1
127,Julia Alvarez,1,,,,,1
128,Moniza Alvi,1,,1,,,
129,Hala Alyan,6,,,2,2,2
130,Samuel Amadon,3,,1,2,,
131,Amari Amai,1,,1,,,
132,Amang,1,,,1,,
133,Ana Luísa Amaral,1,,,1,,
134,Elizabeth Johnston Ambrose,1,,1,,,
135,John Amen,1,,,1,,
136,Rennie Ament,3,,1,2,,
137,Eloisa Amezcua,1,,,1,,
138,Brandon Amico,2,,2,,,
139,A. R. Ammons,9,,,,8,1
140,Aldo Amparán,2,,,2,,
141,Lisa Ampleman,5,,4,1,,
142,Tim Amsden,1,,1,,,
143,Laura Isabela Amsel,1,,1,,,
144,Madhur Anand,1,,,1,,
145,Walter Ancarrow,1,,,1,,
146,Ashanti Anderson,1,,,,,1
147,Karen Leona Anderson,2,,1,1,,
148,Katherine Lucas Anderson,1,,1,,,
149,Maxwell Anderson,1,,,,,1
150,Nathalie Anderson,1,,,,,1
151,Nathan Anderson,1,,1,,,
152,Stephanie Anderson,1,,,1,,
153,Lucy Anderton,2,,2,,,
154,Ellen Andolsek,1,,1,,,
155,Brian Andreas,1,,,,1,
156,Betsy Andrews,2,,1,1,,
157,Chris Andrews,1,,1,,,
158,Kimberly Quiogue Andrews,2,,1,1,,
159,Nicola Andrews,1,,,1,,
160,Nin Andrews,2,,2,,,
161,Antonella Anedda,2,,,2,,
162,Ally Ang,4,,,1,1,2
163,Ralph Angel,3,,3,,,
164,Carlos A. Angeles,1,,,,1,
165,Maya Angelou,2,,,1,1,
166,Kate Angus,1,,1,,,
167,Abayomi Animashaun,2,,2,,,
168,Christopher Ankney,1,,1,,,
169,Honora Ankong,1,,,1,,
170,Diana Anphimiadi,1,,,1,,
171,Tiel Aisha Ansari,1,,1,,,
172,Matt Anserello,1,,1,,,
173,Aaron Anstett,6,,6,,,
174,Romalyn Ante,2,,,,1,1
175,Diannely Antigua,4,,,1,,3
176,Raymond Antrobus,5,,,3,1,1
177,Betsy Aoki,1,,1,,,
178,Melissa Apperson,1,,1,,,
179,Annie Appleton,1,,1,,,
180,Cristin O'Keefe Aptowicz,3,,3,,,
181,Austin Araujo,2,,,1,,1
182,Judith Arcana,1,,1,,,
183,Manuel Maples Arce,1,,,1,,
184,Archilochus,1,,,1,,
185,Tommy Archuleta,1,,,1,,
186,Mary Ardery,1,,,,,1
187,Homero Aridjis,1,,,1,,
188,Feranmi Ariyo,1,,,1,,
189,Faith Arkorful,1,,,,1,
190,Megan Arlett,1,,1,,,
191,Rae Armantrout,4,,2,2,,
192,Brent Armendinger,1,,1,,,
193,Simon Armitage,3,,,,2,1
194,Craig Arnold,1,,,,,1
195,Elizabeth Arnold,1,,,1,,
196,Martin Arnold,1,,1,,,
197,Matthew Arnold,2,2,,,,
198,Rebecca Aronson,5,,5,,,
199,Aishvarya Arora,1,,1,,,
200,Cynthia Arrieu-King,3,,1,1,,1
201,Jubi Arriola-Headley,1,,,,,1
202,Rane Arroyo,2,,2,,,
203,Sarah Arvio,3,,,1,,2
204,Gil Arzola,1,,1,,,
205,Ayesha Asad,1,,,1,,
206,Sarpong Osei Asamoah,1,,,1,,
207,Nick Ascroft,1,,1,,,
208,L. S. Asekoff,1,,1,,,
209,Fatimah Asghar,1,,,,,1
210,John Ashbery,7,,,1,6,
211,Renée Ashley,4,,4,,,
212,Sally Ashton,1,,1,,,
213,Jabari Asim,1,,,,,1
214,Claire Askew,1,,1,,,
215,Tricia Asklar,1,,1,,,
216,Darius Atefat-Peckham,2,,,2,,
217,Susan Atefat-Peckham,1,,,1,,
218,Cynthia Atkins,4,,4,,,
219,Russell Atkins,1,,1,,,
220,Zohar Atkins,1,,,1,,
221,Jennifer Atkinson,1,,,1,,
222,Tacey M. Atsitty,2,,1,1,,
223,Margaret Atwood,11,,,,10,1
224,W. H. Auden,6,,,1,5,
225,Sarah Audsley,3,,,2,,1
226,Jane Augustine,1,,,1,,
227,Tiffany Aurelia,1,,,,1,
228,Elizabeth Austen,1,,1,,,
229,Derrick Austin,5,,1,3,1,
230,Susan Austin,1,,1,,,
231,Auvaiyar,2,,,,2,
232,A.H. Jerriod Avant,3,,,1,,2
233,Robert Avery,1,,1,,,
234,Sotero Rivera Avilés,1,,,1,,
235,Ruth Awad,4,,2,,1,1
236,Cameron Awkward-Rich,6,,1,1,3,1
237,David Axelrod,1,,1,,,
238,Ifeoluwa Ayandele,1,,1,,,
239,Lana Hechtman Ayers,5,,5,,,
240,Emma Aylor,2,,,1,,1
241,Kellam Ayres,2,,1,1,,
242,Jamie Ayze,1,,,1,,
243,Asmaa Azaizeh,1,,,1,,
244,Hajjar Baban,1,,,1,,
245,Beth Bachmann,3,,2,1,,
246,S. M. Badawi,1,,,1,,
247,Danielle Badra,1,,,1,,
248,Simon Anton Niño Diego Baena,1,,,1,,
249,Kate Baer,1,,,,,1
250,Pam Baggett,1,,,1,,
251,Rebecca Baggett,1,,,1,,
252,Julianna Baggott,2,,1,,1,
253,Jeffery L. Bahr,1,,1,,,
254,Jeffrey Bahr,1,,1,,,
255,Urvashi Bahuguna,1,,,,1,
256,Caitlin Bailey,2,,2,,,
257,Desiree C. Bailey,1,,,1,,
258,Jasmine V. Bailey,2,,2,,,
259,Scott Bailey,1,,1,,,
260,Martha Baird,1,,,,1,
261,Aimée Baker,1,,1,,,
262,Andrea Baker,2,,2,,,
263,David Baker,7,,2,2,,3
264,Quenton Baker,1,,,,,1
265,Christopher Bakken,1,,1,,,
266,John Balaban,1,,,,,1
267,Peter Balakian,1,,,,,1
268,Ned Balbo,2,,2,,,
269,Jacqueline Balderrama,2,,,,,2
270,Jamaica Baldwin,3,,1,1,,1
271,Martin Balgach,1,,1,,,
272,JoAnn Balingit,2,,2,,,
273,"Hagit Grossman, translated from the Hebrew by Benjamin Balint",2,,,,,2
274,Christianne Balk,1,,1,,,
275,Angela Ball,4,,3,1,,
276,Sally Ball,1,,1,,,
277,Chaun Ballard,2,,1,,,1
278,KB Ballentine,1,,1,,,
279,Kathleen Balma,1,,1,,,
280,Melissa Balmain,1,,1,,,
281,Taneum Bambrick,4,,1,2,,1
282,Ariel Banayan,1,,,1,,
283,Marie-Claire Bancquart,2,,,2,,
284,Manahil Bandukwala,1,,,,,1
285,Valerie Bandura,2,,2,,,
286,Mary Jo Bang,8,,5,1,2,
287,Ari Banias,5,,2,1,,2
288,Salim Barakat,1,,,1,,
289,Stanisław Barańczak,2,,,,2,
290,Susan Barba,2,,,2,,
291,J. T. Barbarese,1,,1,,,
292,Steve Barbaro,1,,1,,,
293,Jennifer Barber,2,,2,,,
294,Leah Flax Barber,1,,,1,,
295,Sarah Barber,4,,4,,,
296,Julie Brooks Barbour,3,,3,,,
297,Cynthia Bargar,1,,1,,,
298,Walter Bargen,1,,1,,,
299,Hussein Barghouthi,1,,,1,,
300,J. Mae Barizo,3,,,1,,2
301,Brian Barker,2,,2,,,
302,Wendy Barker,1,,1,,,
303,Jessica Barksdale,1,,1,,,
304,Hadara Bar-Nadav,12,,10,1,,1
305,Maria Barnas,1,,,1,,
306,Aziza Barnes,1,,1,,,
307,Djuna Barnes,1,,,,,1
308,Jim Barnes,1,,1,,,
309,Mike Barnes,1,,1,,,
310,Patricia Barnes,1,,1,,,
311,Cameron Barnett,2,,,2,,
312,Catherine Barnett,3,,,1,,2
313,Anne Barngrover,2,,1,,,1
314,Aliki Barnstone,1,,1,,,
315,Tony Barnstone,4,,4,,,
316,Willis Barnstone,1,,1,,,
317,Rick Barot,10,,2,1,2,5
318,John Barr,3,,3,,,
319,Tina Barr,1,,1,,,
320,Julio Pazos Barrera,2,,,,,2
321,Judith Barrington,1,,1,,,
322,Dara Barrois/Dixon,1,,1,,,
323,Coyla Barry,1,,1,,,
324,Jason Barry,2,,,,,2
325,Quan Barry,2,,1,1,,
326,Tina Barry,2,,2,,,
327,Polina Barskova,1,,,1,,
328,Christian Barter,2,,2,,,
329,Stuart Bartow,4,,4,,,
330,Mildred Kiconco Barya,1,,1,,,
331,Sohini Basak,1,,1,,,
332,Jaia Hamid Bashir,1,,,1,,
333,Samiya Bashir,1,,,1,,
334,Matsuo Basho,2,,,,2,
335,Ellen Bass,8,,1,,3,4
336,Daisy Bassen,1,,1,,,
337,Kaveh Bassiri,2,,1,1,,
338,Claire Bateman,1,,1,,,
339,Gabrielle Bates,3,,,1,1,1
340,S. Erin Batiste,1,,1,,,
341,Michele Battiste,1,,1,,,
342,Lesley Battler,1,,,1,,
343,Allie Marini Batts,1,,1,,,
344,Suzanne Batty,1,,1,,,
345,Charles Baudelaire,2,,,,2,
346,Curtis Bauer,1,,1,,,
347,Grace Bauer,2,,2,,,
348,Janée J. Baugher,2,,2,,,
349,Harry Bauld,1,,1,,,
350,Judith Baumel,1,,1,,,
351,Michael Bazzett,11,,9,1,,1
352,Dan Beachy-Quick,7,,4,3,,
353,Jeffrey Bean,5,,5,,,
354,J. P. Dancing Bear,9,,9,,,
355,Jo Bear,1,,1,,,
356,Bruce Beasley,2,,1,1,,
357,Sandra Beasley,4,,3,,,1
358,Jan Beatty,6,,1,1,2,2
359,Anemone Beaulier,1,,1,,,
360,Jeanne Marie Beaumont,3,,3,,,
361,Craig Beaven,1,,1,,,
362,Sophie Bebeau,1,,,1,,
363,Christine Beck,1,,1,,,
364,Diane Beck,1,,,1,,
365,Zeina Hashem Beck,1,,,,,1
366,Jürgen Becker,1,,1,,,
367,Kimberly L. Becker,1,,,1,,
368,Robin Becker,1,,1,,,
369,Joshua Beckman,2,,1,1,,
370,Jack B. Bedell,2,,2,,,
371,Cal Bedient,2,,,2,,
372,David Beebe,1,,1,,,
373,Amy Beeder,1,,1,,,
374,Eric Beeny,1,,1,,,
375,John Beer,1,,1,,,
376,Nicky Beer,7,,5,,,2
377,Shaindel Beers,1,,1,,,
378,Almog Behar,1,,,1,,
379,Robin Behn,1,,1,,,
380,June Beisch,1,,1,,,
381,TJ Beitelman,4,,4,,,
382,Billy-Ray Belcourt,3,,1,2,,
383,Erin Belieu,3,,2,1,,
384,Anna Lena Phillips Bell,1,,1,,,
385,Bridget Bell,2,,,,,2
386,Elana Bell,1,,,1,,
387,Francesca Bell,2,,1,,,1
388,Josh Bell,2,,1,,,1
389,Marvin Bell,3,,2,,1,
390,Lisa Bellamy,1,,1,,,
391,E.C. Belli,1,,1,,,
392,Dan Bellm,2,,2,,,
393,Stanislav Belsky,1,,,1,,
394,Aaron Belz,2,,2,,,
395,Sabrina Benaim,1,,,,,1
396,Oliver Baez Bendorf,9,,4,2,1,2
397,Kate Bernadette Benedict,1,,1,,,
398,Mara Beneway,1,,1,,,
399,Chad Bennett,1,,1,,,
400,Joshua Bennett,8,,2,2,,4
401,Rachel Bennett,2,,1,1,,
402,Rosebud Ben-Oni,2,,,1,,1
403,Robert Bense,1,,1,,,
404,Alyse Bensel,1,,1,,,
405,Ariana Benson,3,,,2,,1
406,Roy Bentley,3,,3,,,
407,Amanda Berenguer,1,,,1,,
408,Aase Berg,1,,,1,,
409,Stephen Berg,2,,1,,1,
410,Jacqueline Berger,2,,2,,,
411,Chase Berggrun,1,,,,,1
412,Daneen Bergland,1,,1,,,
413,David Bergman,1,,1,,,
414,Kristin Berkey-Abbott,1,,1,,,
415,Monica Berlin,3,,2,1,,
416,Ben Berman,1,,1,,,
417,Jay Bernard,1,,,,,1
418,Libby Bernardin,1,,1,,,
419,Deborah Bernhardt,1,,1,,,
420,Erica Bernheim,1,,1,,,
421,Charles Bernstein,1,,,,,1
422,Anselm Berrigan,2,,,1,,1
423,Evelyn Berry,1,,,1,,
424,Jennifer Jackson Berry,1,,1,,,
425,Lauren Berry,1,,1,,,
426,Simeon Berry,1,,1,,,
427,Wendell Berry,2,,,,2,
428,John Berryman,1,,,,,1
429,Mei-mei Berssenbrugge,2,,,1,,1
430,Katie Berta,2,,1,1,,
431,James Bertolino,3,,3,,,
432,Lillian-Yvonne Bertram,2,,,2,,
433,Jay Besemer,1,,,1,,
434,Ashley-Elizabeth Best,1,,1,,,
435,Stephen Bett,1,,1,,,
436,Reginald Dwayne Betts,8,,1,4,,3
437,Tara Betts,1,,,,,1
438,Kimiko Hahn & Tamiko Beyer,1,,1,,,
439,Tamiko Beyer,1,,,,1,
440,Jill Bialosky,2,,,1,,1
441,Miron Białoszewski,1,,,1,,
442,Mark Kyungsoo Bias,2,,,2,,
443,Mark Bibbins,2,,1,,,1
444,Katie Bickham,1,,1,,,
445,Lisa Bickmore,2,,2,,,
446,Frank Bidart,5,,,2,2,1
447,Mary Biddinger,17,,15,1,,1
448,Joelle Biele,1,,1,,,
449,David Biespiel,1,,,,,1
450,Tawahum Bige,2,,2,,,
451,John Biguenet,2,,2,,,
452,George Bilgere,5,,5,,,
453,Jacob J Billingsley,1,,1,,,
454,Brian Bilston,1,,,,1,
455,Remica Bingham-Risher,5,,1,1,,3
456,Caroline Bird,2,,,1,,1
457,Destiny O. Birdsong,1,,,1,,
458,Elizabeth Bishop,3,,,1,1,1
459,James Gleason Bishop,1,,1,,,
460,Sean Bishop,1,,1,,,
461,Sherwin Bitsui,2,,2,,,
462,Michelle Bitting,7,,6,,,1
463,Ali Black,1,,,1,,
464,Malachi Black,2,,2,,,
465,Ralph Black,1,,,,,1
466,Rebecca Black,1,,1,,,
467,Sharon Black,1,,1,,,
468,Sheila Black,3,,3,,,
469,Sophie Cabot Black,3,,,1,,2
470,Star Black,3,,3,,,
471,Tennison S. Black,1,,,1,,
472,Terry Blackhawk,4,,4,,,
473,Christopher Blackman,2,,1,1,,
474,Kimberly Blaeser,1,,,1,,
475,John Blair,3,,3,,,
476,Lorna Knowles Blake,2,,2,,,
477,Sarah Blake,1,,1,,,
478,William Blake,18,17,,,,1
479,Diann Blakely,2,,2,,,
480,Drew Blanchard,1,,1,,,
481,Brian Blanchfield,1,,,,,1
482,Rhoni Blankenhorn,1,,,,,1
483,Megan Blankenship,1,,1,,,
484,Laurie Blauner,5,,5,,,
485,Noah Blaustein,3,,2,,,1
486,Elaine Bleakney,2,,2,,,
487,Adrian Blevins,2,,1,,,1
488,Allison Blevins,3,,1,2,,
489,Read Blinn,1,,1,,,
490,Sally Bliumis-Dunn,4,,4,,,
491,Dmitry Blizniuk,1,,1,,,
492,Chana Bloch,4,,3,,,1
493,Julie E. Bloemeke,3,,2,,,1
494,Daniel Blokh,1,,1,,,
495,Tommye Blount,2,,,1,,1
496,Ken Bluford,1,,,1,,
497,Michael Blumenthal,1,,1,,,
498,Robert Bly,1,,,,1,
499,Zaynab Bobi,1,,,1,,
500,Michael Boccardo,1,,1,,,
501,Andrew Bode-Lang,1,,1,,,
502,Ivana Bodrožić,1,,,1,,
503,Erica Bodwell,1,,1,,,
504,Jack Boettcher,1,,1,,,
505,Deborah Bogen,5,,5,,,
506,Don Bogen,3,,2,1,,
507,Ace Boggess,6,,6,,,
508,Paula Bohince,5,,4,,,1
509,Michelle Boisseau,2,,1,,,1
510,Eavan Boland,6,,1,1,4,
511,Emma Bolden,9,,8,,,1
512,Natalie Linh Bolderston,1,,,1,,
513,Alice Bolin,1,,1,,,
514,Christopher Bolin,2,,2,,,
515,Jaswinder Bolina,7,,2,3,,2
516,Bonnie Bolling,1,,1,,,
517,Thomas Bolt,1,,,,,1
518,Jody Bolz,1,,1,,,
519,Nicholas Bon,1,,,,1,
520,Michelle Bonczek,1,,1,,,
521,Bruce Bond,30,,29,1,,
522,David Keplinger & Bruce Bond,1,,1,,,
523,Paul Bone,1,,1,,,
524,Silvia Bonilla,2,,,,,2
525,Paula Bonnell,1,,,,1,
526,Dave Bonta,2,,2,,,
527,Shane Book,2,,1,1,,
528,Claire Booker,1,,,,,1
529,Dexter L. Booth,1,,1,,,
530,Szilárd Borbély,1,,,1,,
531,Maria Borio,1,,,1,,
532,Sara Borjas,1,,,,,1
533,Karina Borowicz,4,,3,,,1
534,Roo Borson,2,,,1,1,
535,Marianne Boruch,7,,3,3,,1
536,Daniel Borzutzky,4,,,2,,2
537,Todd Boss,1,,1,,,
538,Laure-Anne Bosselaar,1,,1,,,
539,Partridge Boswell,1,,1,,,
540,Roseanna Alice Boswell,1,,1,,,
541,Nadine Botha,1,,1,,,
542,Alan Botsford,2,,2,,,
543,Jan Bottiglieri,1,,1,,,
544,Caroline Boutard,1,,1,,,
545,Despy Boutris,4,,4,,,
546,Julia Bouwsma,1,,1,,,
547,Michael Bowden,1,,,1,,
548,Ash Bowen,3,,2,,1,
549,Kristy Bowen,3,,3,,,
550,Liz Bowen,1,,1,,,
551,Cathy Smith Bowers,2,,2,,,
552,Catherine Bowman,1,,1,,,
553,Alex Boyd,1,,1,,,
554,Jennifer Boyden,1,,1,,,
555,Anne Boyer,1,,,,1,
556,Zoe Boyer,1,,1,,,
557,Ana Božičević,1,,,1,,
558,bpNichol,1,,,1,,
559,Coral Bracho,2,,,2,,
560,Judy Brackett,1,,1,,,
561,Allen Braden,1,,1,,,
562,Elizabeth Bradfield,2,,1,,,1
563,George Bradley,1,,1,,,
564,John Bradley,1,,1,,,
565,Leia K. Bradley,1,,,,1,
566,TR Brady,2,,,1,,1
567,Alison Braid,1,,,,,1
568,Russell Brakefield,1,,,,,1
569,Colin Bramwell,1,,,1,,
570,Mary Brancaccio,1,,,,,1
571,Dionne Brand,2,,,1,,1
572,Gayle Brandeis,2,,1,,,1
573,A. M. Brandt,1,,1,,,
574,James Brasfield,1,,1,,,
575,Kathryn Bratt-Pfotenhauer,1,,1,,,
576,Barbara Swift Brauer,1,,1,,,
577,Caleb Braun,1,,1,,,
578,Richard Brautigan,1,,,,1,
579,Tara Bray,2,,1,,1,
580,Bertolt Brecht,1,,,,1,
581,Jason Bredle,5,,5,,,
582,Elizabeth Breese,1,,1,,,
583,John Brehm,4,,3,,1,
584,David Brennan,1,,1,,,
585,Paul Breslin,1,,1,,,
586,Peg Bresnahan,2,,2,,,
587,Catherine Bresner,1,,1,,,
588,Beth Bretl,1,,1,,,
589,Gaylord Brewer,2,,2,,,
590,Robert Lee Brewer,1,,1,,,
591,Tyler Brewington,1,,1,,,
592,Susan Briante,2,,1,1,,
593,Nellie Bridge,1,,1,,,
594,Kim Bridgford,4,,4,,,
595,Besmilr Brigham,1,,,1,,
596,Emily Bright,1,,,,,1
597,Traci Brimhall,9,,5,1,,3
598,Ana Portnoy Brimmer,2,,1,1,,
599,Alan Britt,2,,2,,,
600,Matt Broaddus,4,,1,3,,
601,Catherine Broadwall,1,,1,,,
602,Ronda Piszk Broatch,5,,5,,,
603,Rebecca Brock,1,,1,,,
604,Lucie Brock-Broido,2,,,,1,1
605,Molly Brodak,2,,1,1,,
606,Melissa Broder,1,,,1,,
607,Michael Broder,1,,1,,,
608,Richard Broderick,1,,1,,,
609,Brian Brodeur,1,,1,,,
610,Patricia Brody,1,,1,,,
611,Alison D. Moncrief Bromage,1,,1,,,
612,Rupert Brooke,9,9,,,,
613,KB Brookins,1,,1,,,
614,Gwendolyn Brooks,3,,,,,3
615,Hannah Brooks-Motl,2,,1,1,,
616,Nicole Brossard,1,,,1,,
617,Richard Brostoff,1,,1,,,
618,Aaron Brown,2,,2,,,
619,adrienne maree brown,1,,,,1,
620,Bill Brown,3,,2,1,,
621,Emily Bark Brown,1,,,1,,
622,Fleda Brown,4,,4,,,
623,Jeffrey Brown,1,,1,,,
624,Jericho Brown,7,,2,,1,4
625,Judy Brown,1,,1,,,
626,Kristene Kaye Brown,2,,,,,2
627,Kurt Brown,1,,1,,,
628,Lily Brown,2,,2,,,
629,Michelle Poirier Brown,1,,,1,,
630,Molly McCully Brown,1,,,,,1
631,Nickole Brown,2,,2,,,
632,Sass Brown,1,,1,,,
633,Travis Brown,1,,1,,,
634,Jenny Browne,2,,1,,,1
635,Laynie Browne,2,,1,1,,
636,Mahogany L. Browne,6,,1,,1,4
637,Michael Dennis Browne,1,,1,,,
638,Susan Browne,2,,1,,,1
639,Annah Browning,2,,2,,,
640,Elizabeth Barrett Browning,18,18,,,,
641,Robert Browning,5,5,,,,
642,Sarah Browning,1,,,,,1
643,Sommer Browning,2,,,2,,
644,Alan Brownjohn,1,,1,,,
645,Laura Lamb Brown-Lavoie,1,,,,1,
646,Debra Bruce,1,,1,,,
647,Julie Bruck,1,,1,,,
648,Dennis Brutus,1,,,,1,
649,David Bruzina,1,,1,,,
650,Ahlam Bsharat,1,,,1,,
651,Richelle Buccilli,1,,,,,1
652,Brad Buchanan,1,,,,,1
653,Oni Buchanan,3,,2,1,,
654,Callista Buchen,3,,2,,1,
655,Julianne Buchsbaum,1,,1,,,
656,Emilie Buchwald,1,,1,,,
657,Paula Closson Buck,1,,1,,,
658,Claudia Buckholts,1,,1,,,
659,Christopher Buckley,2,,2,,,
660,David Budbill,1,,1,,,
661,Suzanne Buffam,1,,,,,1
662,Franco Buffoni,1,,,1,,
663,Charles Bukowski,8,,,,8,
664,Gerald Bullett,1,,,,1,
665,Victoria Adukwei Bulley,3,,,1,1,1
666,Jennifer Bullis,1,,1,,,
667,Simmons B. Buntin,2,,2,,,
668,Beverly Burch,1,,1,,,
669,Eric Burger,1,,1,,,
670,Matthew Burgess,1,,1,,,
671,Peter Burghardt,1,,,1,,
672,Margarita Pintado Burgos,1,,,1,,
673,Isobel Burke,1,,1,,,
674,Derick Burleson,2,,2,,,
675,Sara R. Burnett,1,,,,,1
676,Deborah Burnham,1,,1,,,
677,Cullen Bailey Burns,2,,2,,,
678,George Burns,3,,3,,,
679,Robert Burns,7,7,,,,
680,Shannon Burns,1,,,1,,
681,Theresa Burns,1,,1,,,
682,Elijah Burrell,1,,,,,1
683,CM Burroughs,1,,1,,,
684,Christopher Bursk,1,,1,,,
685,Rick Bursky,7,,7,,,
686,Jeff Burt,1,,1,,,
687,Stephanie Burt,1,,,,,1
688,Stephen Burt,1,,1,,,
689,Libby Burton,1,,1,,,
690,Sue D. Burton,2,,2,,,
691,Kimberly Burwick,2,,1,1,,
692,Benjamin Busch,1,,1,,,
693,Mary Lou Buschi,1,,1,,,
694,Courtney Bush,1,,,1,,
695,Ellen C. Bush,1,,,,1,
696,Sarah Busse,1,,1,,,
697,Lollie Butler,1,,1,,,
698,Sébastien Luc Butler,2,,2,,,
699,Jacob Butlett,1,,1,,,
700,Joshua Butts,1,,1,,,
701,Taylor Byas,4,,,3,1,
702,Kathryn Stripling Byer,1,,1,,,
703,Laura Bylenok,1,,1,,,
704,Sigman Byrd,1,,1,,,
705,Edward Byrne,1,,1,,,
706,Elena Karina Byrne,6,,5,1,,
707,Laurie Byro,1,,1,,,
708,Lord Byron,5,5,,,,
709,Caroline Cabrera,2,,2,,,
710,CAConrad,3,,,2,,1
711,Rafael Cadenas,1,,,1,,
712,Teresa Cader,1,,,,,1
713,Levi Cain,1,,,,,1
714,Marty Cain,1,,,1,,
715,Danny Caine,2,,,1,,1
716,Carmen Calatayud,1,,1,,,
717,Cathleen Calbert,1,,1,,,
718,Matthew Caley,1,,1,,,
719,Collin Callahan,1,,1,,,
720,Nicole Callihan,3,,2,,,1
721,Gabrielle Calvocoressi,9,,,1,5,3
722,Víctor Fowler Calzada,1,,,,,1
723,Lauren Camp,5,,2,2,,1
724,Joseph Campana,3,,3,,,
725,Bonnie Jo Campbell,1,,1,,,
726,Rick Campbell,1,,1,,,
727,Rafael Campo,3,,3,,,
728,David Campos,1,,1,,,
729,Haroldo de Campos,1,,,1,,
730,Marci Calabretta Cancio-Bello,1,,,,,1
731,Kara Candito,2,,2,,,
732,Kayleb Rae Candrilli,3,,1,1,,1
733,Michael Cantor,1,,1,,,
734,Anthony Vahni Capildeo,1,,,1,,
735,Vahni Capildeo,2,,,1,1,
736,Joseph J. Capista,1,,,1,,
737,David Caplan,1,,1,,,
738,Garrett Caples,1,,,1,,
739,James Capozzi,1,,1,,,
740,Caylin Capra-Thomas,1,,1,,,
741,Maryan Nagy Captan,1,,,1,,
742,Ernesto Cardenal,1,,,,,1
743,Brenda Cárdenas,2,,1,1,,
744,Jenna Cardinale,1,,1,,,
745,Hélène Cardona,2,,1,,,1
746,Frank Carellini,1,,,1,,
747,Sarah Carey,3,,3,,,
748,Ina Cariño,2,,,1,,1
749,Karen Carissimo,1,,1,,,
750,Kevin Cark,1,,1,,,
751,Chuck Carlise,1,,1,,,
752,Wendy Taylor Carlisle,1,,1,,,
753,Barbara Siegel Carlson,2,,2,,,
754,Claudia Carlson,1,,1,,,
755,Mike Carlson,1,,,1,,
756,Nancy Naomi Carlson,2,,1,1,,
757,Ron Carlson,1,,1,,,
758,Seán Carlson,2,,2,,,
759,Tina Carlson,2,,2,,,
760,Martha Carlson-Bradley,2,,2,,,
761,Kai Carlson-Wee,2,,1,,,1
762,Rob Carney,5,,4,1,,
763,Neil Carpathios,3,,3,,,
764,Julie Carr,4,,3,1,,
765,Tim Carrier,1,,,1,,
766,Abigail Carroll,1,,,,,1
767,Judith Waller Carroll,1,,1,,,
768,Lewis Carroll,1,,,,,1
769,Peter Neil Carroll,1,,1,,,
770,Willa Carroll,1,,,,,1
771,Hayden Carruth,1,,1,,,
772,Anne Carson,1,,,,,1
773,Mike Carson,1,,1,,,
774,Sarah Carson,1,,,,,1
775,Camille Carter,2,,,,,2
776,Daniel Carter,1,,1,,,
777,John Randolph Carter,1,,1,,,
778,Pamela Hobart Carter,1,,1,,,
779,Tim Carter,1,,,1,,
780,Benjamin Cartwright,1,,1,,,
781,Bill Carty,4,,2,2,,
782,Raymond Carver,6,,,,6,
783,Kristen Case,1,,1,,,
784,Edip Caserver,1,,1,,,
785,Anne Casey,1,,1,,,
786,Izzy Casey,1,,,1,,
787,Jocelyn Casey-Whiteman,1,,1,,,
788,Valerie Mejer Caso,1,,,1,,
789,Patricia Caspers,1,,1,,,
790,Stacie Cassarino,3,,,2,,1
791,Keisha Cassel,1,,,,,1
792,Cyrus Cassells,2,,1,,,1
793,Nina Cassian,1,,,,1,
794,John Casteen,1,,1,,,
795,Rosa Castellano,1,,,1,,
796,Blanca Castellón,1,,1,,,
797,Christiana Castillo,1,,,,1,
798,Marcelo Hernandez Castillo,1,,1,,,
799,Steve Castro,1,,1,,,
800,Willa Cather,1,,,,,1
801,Lissa Cattrone,1,,1,,,
802,Gaius Valerius Catullus,1,,,1,,
803,C. P. Cavafy,4,,,1,2,1
804,Grace Cavalieri,1,,1,,,
805,Brittany Cavallaro,2,,2,,,
806,Patrizia Cavalli,1,,,,1,
807,Stephanie Cawley,2,,1,1,,
808,Shuly Xóchitl Cawood,2,,2,,,
809,Aaron Caycedo-Kimura,2,,1,1,,
810,Kate Cayley,1,,,1,,
811,David Cazden,1,,1,,,
812,Paul Hlava Ceballos,2,,,1,,1
813,Travis Cebula,1,,1,,,
814,Richard Cecil,2,,2,,,
815,Paul Celan,2,,,1,,1
816,Rocío Cerón,1,,,1,,
817,Andrés Cerpa,1,,,1,,
818,Lorna Dee Cervantes,4,,1,,1,2
819,Theresa Hak Kyung Cha,1,,,1,,
820,Abigail Chabitnoy,1,,,,,1
821,Francesca Chabrier,1,,1,,,
822,Richard Chadburn,1,,,1,,
823,Sumita Chakraborty,1,,,,1,
824,Cara Chamberlain,1,,1,,,
825,Farah Chamma,1,,,,1,
826,Anne Champion,3,,3,,,
827,Dorothy Chan,2,,2,,,
828,Jody Chan,2,,1,1,,
829,Marianne Chan,2,,,1,,1
830,Wo Chan,2,,,1,,1
831,Catherine Chandler,1,,1,,,
832,Tom Chandler,3,,,,3,
833,Joseph Chaney,1,,,,1,
834,Jennifer Chang,9,,2,2,1,4
835,Kristin Chang,1,,1,,,
836,Liz Chang,1,,1,,,
837,Michael Chang,3,,2,1,,
838,Robin Rosen Chang,1,,1,,,
839,Tina Chang,2,,,,,2
840,Victoria Chang,13,,4,3,3,3
841,Yuan Changming,1,,,1,,
842,Colin Channer,1,,,,,1
843,Katie Chaple,1,,1,,,
844,Patrick Chapman,1,,1,,,
845,Robin Chapman,5,,5,,,
846,René Char,1,,,1,,
847,Hayan Charara,3,,,1,,2
848,Sharon Charde,1,,1,,,
849,Jos Charles,3,,,2,,1
850,Cortney Lamar Charleston,1,,1,,,
851,Leila Chatti,12,,,6,3,3
852,Geoffrey Chaucer,1,1,,,,
853,Sarah A. Chavez,1,,1,,,
854,Malcolm de Chazal,1,,,1,,
855,Alan Chazaro,3,,2,1,,
856,Cathy Linh Che,1,,,,,1
857,MRB Chelko,2,,2,,,
858,Dan Chelotti,1,,,,1,
859,Chen Chen,8,,,1,3,4
860,Feng Sun Chen,1,,1,,,
861,Kirsten Shu-ying Chen,1,,1,,,
862,Madelyn Chen,1,,1,,,
863,Wendy Chen,1,,1,,,
864,Yuan Chen,1,,,,1,
865,Colin Cheney,1,,1,,,
866,Maxine Chernoff,3,,3,,,
867,Kelly Cherry,1,,1,,,
868,Richard Chess,1,,1,,,
869,Johnson Cheu,1,,1,,,
870,Abby Chew,1,,1,,,
871,Dan Chiasson,2,,,1,1,
872,Natalye Childress,1,,1,,,
873,Susanna Childress,1,,1,,,
874,Adam Chiles,1,,1,,,
875,abeo chimeka-tisdale,1,,,,1,
876,Marilyn Chin,2,,,1,,1
877,Yau Ching,1,,,1,,
878,McKenzie Chinn,1,,,,1,
879,Michael Chitwood,8,,8,,,
880,Terrence Chiusano,1,,1,,,
881,Robert Chiwamba,1,,,1,,
882,Sharon Chmielarz,1,,1,,,
883,Su Cho,1,,,1,,
884,Don Mee Choi,5,,,3,2,
885,Franny Choi,7,,,1,2,4
886,Hedgie Choi,2,,,1,,1
887,Hee-June Choi,1,,,1,,
888,Jeongrye Choi,1,,,,1,
889,Noah Arhm Choi,2,,1,1,,
890,Nuala Ní Chonchúir,1,,1,,,
891,Ali Choudhary,1,,,,1,
892,Katy Chrisler,2,,2,,,
893,Yvette Christiansë,1,,1,,,
894,A. V. Christie,1,,,1,,
895,Heather Christle,6,,2,1,1,2
896,Ewa Chrusciel,1,,1,,,
897,Ace Chu,1,,,,1,
898,Xi Chuan,1,,,1,,
899,Adrienne Chung,2,,,1,,1
900,Derek Chung,1,,,1,,
901,James Ciano,1,,,,,1
902,Darin Ciccotelli,2,,2,,,
903,James Cihlar,4,,4,,,
904,Michael Cirelli,2,,2,,,
905,Paula Cisewski,4,,4,,,
906,Sandra Cisneros,1,,,,,1
907,Mary Cisper,1,,1,,,
908,Christopher Citro,8,,5,1,2,
909,Diya Ciwan,1,,,1,,
910,Hélène Cixous,1,,,1,,
911,Jenna Clake,1,,1,,,
912,Kate Clanchy,5,,,,5,
913,John Clare,1,,,,,1
914,Olivia Clare,1,,1,,,
915,Acie Clark,2,,,,2,
916,Amy M. Clark,1,,1,,,
917,Ben Clark,1,,1,,,
918,Charlie Clark,4,,3,1,,
919,Clayton Adam Clark,1,,1,,,
920,Dante Clark,1,,,,,1
921,Faith Gómez Clark,1,,1,,,
922,George David Clark,5,,5,,,
923,Jo Ann Clark,2,,2,,,
924,Lauren Clark,1,,,,,1
925,Marisa P. Clark,1,,1,,,
926,Patricia Clark,4,,4,,,
927,Thomas A. Clark,1,,,1,,
928,Tiana Clark,1,,,,,1
929,Cheryl Clarke,1,,,1,,
930,Jennifer Clarvoe,1,,1,,,
931,Killarney Clary,1,,1,,,
932,Grant Clauser,4,,4,,,
933,Adam Clay,10,,5,2,,3
934,Bernard Clay,1,,,1,,
935,T. Clear,1,,1,,,
936,Eileen Cleary,1,,1,,,
937,Suzanne Cleary,4,,3,,,1
938,Cody-Rose Clevidence,3,,,3,,
939,Lyrae Van Clief-Stefanon,1,,,1,,
940,Liz N. Clift,1,,1,,,
941,Lucille Clifton,19,,3,4,9,3
942,DeWitt Clinton,1,,1,,,
943,Abigail Cloud,1,,1,,,
944,Allison Cobb,1,,,1,,
945,Joshua Coben,1,,1,,,
946,Ama Codjoe,5,,,2,,3
947,Anthony Cody,1,,,,,1
948,Scott Coffel,1,,1,,,
949,Lisa Coffman,1,,1,,,
950,Andrea Cohen,11,,6,1,1,3
951,Bruce Cohen,2,,2,,,
952,Hannah Cohen,1,,1,,,
953,Julia Cohen,2,,2,,,
954,Leonard Cohen,8,,,,8,
955,Max Cohen,1,,1,,,
956,Nan Cohen,2,,1,,,1
957,Susan Cohen,1,,1,,,
958,Allison Adelle Hedge Coke,2,,,2,,
959,Paula Colangelo,1,,,,,1
960,Nadia Colburn,2,,2,,,
961,Joan Colby,3,,3,,,
962,Kate Colby,1,,,1,,
963,Diana Cole,1,,1,,,
964,Ellen Aronofsky Cole,1,,1,,,
965,Henri Cole,2,,,1,,1
966,Norma Cole,1,,1,,,
967,Richard Cole,1,,1,,,
968,Aaron Coleman,2,,,1,,1
969,Wanda Coleman,4,,,1,1,2
970,Elizabeth J. Colen,2,,2,,,
971,Samuel Taylor Coleridge,3,3,,,,
972,Don Coles,1,,,,1,
973,Katharine Coles,4,,4,,,
974,Rob Macaisa Colgate,2,,,2,,
975,Andrew Collard,2,,1,1,,
976,Donovan Kūhiō Colleps,1,,,,,1
977,Christian J. Collier,1,,,1,,
978,Michael Collier,3,,1,1,,1
979,Arda Collins,2,,,1,,1
980,Billy Collins,13,,3,,8,2
981,Christopher P. Collins,1,,1,,,
982,Martha Collins,3,,3,,,
983,Michael Collins,1,,1,,,
984,Ryan Collins,1,,1,,,
985,Stephen Collis,1,,,1,,
986,Jona Colson,1,,1,,,
987,Francis Combes,1,,1,,,
988,Jane Commane,1,,1,,,
989,Shanna Compton,3,,3,,,
990,Evan S. Connell,1,,,1,,
991,Geraldine Connolly,2,,2,,,
992,Kell Connor,1,,,1,,
993,Ginny Lowe Connors,1,,1,,,
994,Gillian Conoley,2,,,2,,
995,J.L. Conrad,1,,1,,,
996,Ina Conradie,1,,1,,,
997,Brendan Constantine,1,,1,,,
998,Linda Haviland Conte,1,,1,,,
999,Mark Conway,1,,1,,,
1000,Glenna Cook,1,,1,,,
1001,Rob Cook,2,,2,,,
1002,Bess Cooley,1,,1,,,
1003,Nicole Cooley,1,,1,,,
1004,Peter Cooley,6,,6,,,
1005,Clark Coolidge,2,,,,,2
1006,Sandy Coomer,1,,1,,,
1007,Marsha Truman Cooper,1,,1,,,
1008,Wyn Cooper,2,,1,1,,
1009,Matthew Cooperman,2,,1,1,,
1010,Wendy Cope,7,,,,6,1
1011,Beth Copeland,3,,3,,,
1012,Seth Copeland,1,,1,,,
1013,Maryann Corbett,6,,6,,,
1014,Robert Cording,3,,1,2,,
1015,Joshua Corey,1,,1,,,
1016,Alfred Corn,1,,1,,,
1017,Mary Cornish,1,,1,,,
1018,Luciana Jazmín Coronado,1,,,1,,
1019,Susan Michele Coronel,1,,1,,,
1020,Eduardo C. Corral,2,,,,1,1
1021,Isabelle Correa,2,,,,1,1
1022,Daniel Corrie,1,,1,,,
1023,Brittney Corrigan,1,,1,,,
1024,Stella Corso,1,,,1,,
1025,Julio Cortázar,2,,,,2,
1026,Claudia Cortese,1,,1,,,
1027,Jayne Cortez,1,,,1,,
1028,Rio Cortez,3,,,1,1,1
1029,Emily Corwin,1,,1,,,
1030,Maria Costantini,1,,1,,,
1031,Barbara Costas-Biggs,1,,,,,1
1032,T. Zachary Cotler,1,,1,,,
1033,Tasha Cotter,2,,2,,,
1034,Colby Cotton,1,,1,,,
1035,Leigh Anne Couch,1,,1,,,
1036,Daniel Coudriet,2,,2,,,
1037,Liz Countryman,1,,,1,,
1038,Justin Courter,1,,1,,,
1039,Brandon Courtney,2,,2,,,
1040,Nick Courtright,4,,4,,,
1041,Heather Cousins,1,,1,,,
1042,Lisa Fay Coutley,9,,8,,,1
1043,Mia Couto,1,,,1,,
1044,Rachel Coventry,1,,1,,,
1045,Peter Covino,1,,1,,,
1046,Caitlin Cowan,2,,1,,1,
1047,Andrew Cox,1,,1,,,
1048,Elizabeth Cox,1,,1,,,
1049,Justin Cox,1,,,1,,
1050,Mark Cox,2,,2,,,
1051,Matt Cozart,1,,1,,,
1052,Dorsey Craft,1,,1,,,
1053,Ken Craft,1,,1,,,
1054,Kevin Craft,2,,1,,,1
1055,Brody Parrish Craig,1,,,1,,
1056,Hannah Craig,3,,3,,,
1057,Michael Earl Craig,1,,,1,,
1058,Karen Craigo,1,,1,,,
1059,Steven Cramer,7,,6,,1,
1060,Hart Crane,2,,,,,2
1061,Patty Crane,1,,1,,,
1062,Stephen Crane,3,1,,,2,
1063,Jackie Craven,1,,1,,,
1064,Jane Craven,1,,1,,,
1065,Tim Craven,1,,1,,,
1066,Madeleine Cravens,2,,,1,,1
1067,Henry Crawford,2,,2,,,
1068,Lauren Crawford,1,,1,,,
1069,Lynda V.E. Crawford,1,,,1,,
1070,Marisa Crawford,1,,1,,,
1071,Morri Creech,4,,2,2,,
1072,Carolyn Creedon,1,,1,,,
1073,Robert Creeley,9,,1,,8,
1074,Bernadette Cremin,1,,1,,,
1075,Kelly Cressio-Moeller,2,,2,,,
1076,Laura Cresté,2,,,1,,1
1077,Caroline Crew,1,,1,,,
1078,James Crews,6,,2,,1,3
1079,Adam Crittenden,1,,1,,,
1080,Noel Crook,1,,1,,,
1081,Barbara Crooker,8,,5,,1,2
1082,Rebecca Cross,1,,,1,,
1083,Mary Crow,2,,2,,,
1084,Melissa Crowe,1,,,1,,
1085,Elizabeth Crowell,1,,1,,,
1086,Lena Crown,1,,,1,,
1087,Martyn Crucefix,1,,1,,,
1088,Cynthia Cruz,5,,2,2,,1
1089,Letisia Cruz,1,,,1,,
1090,Michael Brooks Cryer,1,,1,,,
1091,Jessica Cuello,6,,5,1,,
1092,Luis Alberto de Cuenca,1,,,1,,
1093,Brian Culhane,2,,2,,,
1094,Countee Cullen,2,,,,,2
1095,Majella Cullinane,1,,1,,,
1096,Patrick Culliton,1,,1,,,
1097,E. E. Cummings,17,,,,11,6
1098,Gillian Cummings,1,,1,,,
1099,James Cummins,1,,1,,,
1100,Melissa Cundieff,1,,1,,,
1101,E. G. Cunningham,2,,2,,,
1102,P. Scott Cunningham,1,,1,,,
1103,Joanna Currey,1,,,,,1
1104,Jen Currin,2,,2,,,
1105,Aria Curtis,1,,,1,,
1106,Dana Curtis,6,,6,,,
1107,Grace Curtis,1,,1,,,
1108,Caleb Curtiss,1,,,,,1
1109,James Cushing,1,,1,,,
1110,Rachel Custer,1,,1,,,
1111,Benjamin Cutler,1,,1,,,
1112,Kevin Cutrer,1,,1,,,
1113,Weston Cutter,6,,6,,,
1114,Heidi Czerwiec,1,,1,,,
1115,Philip Dacey,3,,3,,,
1116,Raphael Dagold,1,,1,,,
1117,James D'Agostino,1,,1,,,
1118,Fred D'Aguiar,1,,,1,,
1119,Ashley Brooke Dailey,1,,,,,1
1120,Sara Dailey,1,,1,,,
1121,Jean Daive,1,,1,,,
1122,Šari Dale,1,,,1,,
1123,Michael Daley,1,,1,,,
1124,Yrsa Daley-Ward,1,,1,,,
1125,Amanda Dalton,1,,1,,,
1126,DéLana R.A. Dameron,2,,,,,2
1127,Jesse Damiani,1,,1,,,
1128,Lindsay M. D'Andrea,1,,1,,,
1129,Uyen Phuong Dang,1,,,,,1
1130,Julie Danho,4,,3,,1,
1131,John Daniel,1,,1,,,
1132,Mary-Alice Daniel,2,,,1,,1
1133,Zachary Daniel,1,,1,,,
1134,Jim Daniels,11,,10,,,1
1135,JK Daniels,1,,1,,,
1136,Kate Daniels,3,,2,,,1
1137,Kwame Sound Daniels,1,,,,,1
1138,Luca D'Anselmi,1,,,1,,
1139,Daniela Danz,1,,,1,,
1140,Bei Dao,1,,,1,,
1141,Colin Dardis,1,,1,,,
1142,Kyle Dargan,2,,1,1,,
1143,Kristina Marie Darling,2,,2,,,
1144,Lightsey Darst,1,,1,,,
1145,Mahmoud Darwish,9,,,,6,3
1146,Najwan Darwish,4,,,3,1,
1147,Julia Kolchinsky Dasbach,2,,1,1,,
1148,Luis G. Dato,1,,,,,1
1149,Lesley Dauer,1,,1,,,
1150,Pam Davenport,1,,1,,,
1151,Steve Davenport,2,,2,,,
1152,Soleil Davíd,1,,,1,,
1153,Chad Davidson,1,,1,,,
1154,Phebe Davidson,1,,1,,,
1155,Robin Davidson,1,,1,,,
1156,Adam O. Davis,2,,1,1,,
1157,Allison Davis,1,,1,,,
1158,Althea Davis,1,,,,1,
1159,Brad Davis,1,,1,,,
1160,Carol Ann Davis,6,,6,,,
1161,Catherine Breese Davis,1,,1,,,
1162,Cortney Davis,1,,1,,,
1163,Geffrey Davis,2,,1,,,1
1164,Imani Davis,1,,,1,,
1165,Jon Davis,1,,1,,,
1166,Margo Davis,1,,1,,,
1167,Marissa Davis,2,,,1,,1
1168,Olena Kalytiak Davis,3,,2,1,,
1169,Peter Davis,1,,1,,,
1170,Teri Ellen Cross Davis,1,,,1,,
1171,Todd Davis,10,,7,2,,1
1172,William Virgil Davis,1,,1,,,
1173,Armen Davoudian,2,,,1,,1
1174,Kwame Dawes,9,,3,2,,4
1175,Ajanaé Dawkins,1,,,1,,
1176,Erica Dawson,3,,2,1,,
1177,Steven Espada Dawson,3,,,2,,1
1178,Adam Day,3,,3,,,
1179,Holly Day,1,,1,,,
1180,Lucille Lang Day,2,,2,,,
1181,Meg Day,4,,1,,,3
1182,Tyree Daye,4,,,1,,3
1183,Samantha Deal,1,,1,,,
1184,Debra Kang Dean,3,,3,,,
1185,John F. Deane,1,,,1,,
1186,Sasha Debevec-McKenney,2,,,2,,
1187,JD Debris,3,,1,2,,
1188,Kendra DeColo,4,,2,2,,
1189,Cara Dees,1,,,1,,
1190,Brett DeFries,1,,1,,,
1191,Nehassaiu deGannes,2,,,1,,1
1192,Albert DeGenova,1,,1,,,
1193,Jen DeGregorio,1,,1,,,
1194,Greg Delanty,1,,,,,1
1195,Diana Marie Delgado,2,,,,,2
1196,Nicole Cecilia Delgado,3,,,2,,1
1197,Jennifer Bowering Delisle,1,,1,,,
1198,William Delman,1,,1,,,
1199,Tjawangwa Dema,1,,,,,1
1200,Andrew Demcak,1,,1,,,
1201,Brian Komei Dempster,1,,,1,,
1202,Risa Denenberg,3,,3,,,
1203,Jireh Deng,1,,,,,1
1204,Chard deNiord,5,,3,1,,1
1205,Carl Dennis,4,,4,,,
1206,Matt Dennison,1,,1,,,
1207,Edward Denniston,1,,1,,,
1208,Shira Dentz,4,,4,,,
1209,Emma DePanise,1,,1,,,
1210,Trace Howard DePass,1,,,1,,
1211,Adebe DeRango-Adem,1,,,1,,
1212,Toi Derricotte,4,,,1,,3
1213,Heather Derr-Smith,2,,2,,,
1214,Alice Derry,1,,1,,,
1215,Chelsea B. DesAutels,3,,,1,1,1
1216,Jay Deshpande,3,,1,,,2
1217,Christine DeSimone,1,,1,,,
1218,Dessa,1,,,,,1
1219,Nicolas A. Destino,1,,1,,,
1220,Christian Detisch,1,,,1,,
1221,Danielle Cadena Deulen,4,,3,1,,
1222,Ananda Devi,1,,,1,,
1223,Dot Devota,1,,1,,,
1224,Nirwan Dewanto,1,,,1,,
1225,Christopher DeWeese,4,,4,,,
1226,Alok Dhanwa,1,,,1,,
1227,Imtiaz Dharker,1,,,,,1
1228,Tsering Wangmo Dhompa,1,,1,,,
1229,Abū Dhuʾayb,1,,,1,,
1230,Michael Dhyne,1,,,1,,
1231,Ming Di,1,,,,,1
1232,Zang Di,1,,,,,1
1233,Joshua Diamond,2,,2,,,
1234,Joel Dias-Porter,1,,,1,,
1235,Cristina Pérez Díaz,2,,,,,2
1236,Joanne Diaz,1,,1,,,
1237,Jose Hernandez Diaz,7,,7,,,
1238,Natalie Diaz,2,,1,,,1
1239,James Dickey,1,,,,,1
1240,Melissa Dickey,1,,1,,,
1241,Paul Dickey,1,,1,,,
1242,Adam Dickinson,1,,,1,,
1243,Emily Dickinson,28,20,,1,5,2
1244,Stephanie Dickinson,2,,2,,,
1245,Matthew Dickman,4,,,1,,3
1246,Michael Dickman,2,,1,,,1
1247,Katy Didden,2,,1,1,,
1248,Barbara Westwood Diehl,1,,1,,,
1249,Kirsten Dierking,1,,,,1,
1250,Bryan D. Dietrich,1,,1,,,
1251,Maggie Dietz,3,,2,,,1
1252,Alisha Dietzman,3,,1,,1,1
1253,LaTasha N. Nevada Diggs,1,,,,,1
1254,Emari DiGiorgio,1,,1,,,
1255,Todd Dillard,1,,,,1,
1256,Fay Dillof,3,,2,1,,
1257,Rachel Dillon,2,,1,,,1
1258,Anthony DiMatteo,1,,1,,,
1259,Mia Dimina,1,,,1,,
1260,Alex Dimitrov,5,,2,1,1,1
1261,Chelsea Dingman,6,,5,,,1
1262,Máirtín Ó Direáin,1,,,1,,
1263,Norita Dittberner-Jax,1,,1,,,
1264,Gregory Djanikian,6,,5,,,1
1265,Milan Djordjevic,1,,1,,,
1266,Stephen Dobyns,1,,1,,,
1267,jayy dodd,1,,,1,,
1268,Timothy Dodd,1,,1,,,
1269,Alison Doernberg,1,,1,,,
1270,DJ Dolack,1,,1,,,
1271,Sharon Dolin,4,,4,,,
1272,Ben Doller,1,,,,1,
1273,Jeff Dolven,2,,1,,,1
1274,Chris Dombrowski,1,,,1,,
1275,Rosemarie Dombrowski,1,,,1,,
1276,Ron Domen,1,,1,,,
1277,David Dominguez,1,,,,,1
1278,Nik De Dominic,2,,1,1,,
1279,Yun Dong-ju,1,,,1,,
1280,Cass Donish,1,,,,,1
1281,John Donne,21,19,,,,2
1282,Timothy Donnelly,6,,5,1,,
1283,Matt Donovan,2,,,1,,1
1284,Tim Dooley,2,,2,,,
1285,Geri Doran,1,,1,,,
1286,Lorraine Doran,1,,1,,,
1287,Dolores Dorantes,1,,,1,,
1288,Mary Dorcey,1,,1,,,
1289,Lisa Dordal,2,,2,,,
1290,Sally Van Doren,1,,1,,,
1291,Erin Dorney,1,,,1,,
1292,Tishani Doshi,5,,1,1,,3
1293,Mark Doty,2,,1,,,1
1294,Sean Thomas Dougherty,6,,5,,,1
1295,Ian William Douglas,1,,,,1,
1296,Merrill Oliver Douglas,1,,1,,,
1297,Charles Douthat,1,,1,,,
1298,Rita Dove,6,,,2,2,2
1299,Rebecca Doverspike,1,,1,,,
1300,Hannah Dow,1,,1,,,
1301,Mark Dow,1,,1,,,
1302,Juditha Dowd,1,,1,,,
1303,Kim Dower,2,,2,,,
1304,C.L. Downing,1,,1,,,
1305,Julie Doxsee,1,,1,,,
1306,Caitlin Doyle,2,,,,1,1
1307,James Doyle,8,,8,,,
1308,Jenny Drai,2,,2,,,
1309,Asa Drake,5,,,1,2,2
1310,Kinsale Drake,3,,1,1,,1
1311,Nick Drake,1,,1,,,
1312,Boris Dralyuk,1,,,1,,
1313,Scott Draper,1,,1,,,
1314,Donelle Dreese,1,,1,,,
1315,Ian Dreiblatt,1,,,1,,
1316,Erika Dreifus,1,,1,,,
1317,George Drew,1,,1,,,
1318,Wendy Drexler,3,,3,,,
1319,Kathleen Driskell,2,,1,,,1
1320,Celia Dropkin,1,,,1,,
1321,John Philip Drury,3,,3,,,
1322,Amy Dryansky,3,,3,,,
1323,Carlina Duan,3,,,1,,2
1324,Isabel Duarte-Gray,1,,,1,,
1325,Norman Dubie,2,,2,,,
1326,Jehanne Dubrow,14,,13,1,,
1327,John Dudek,1,,1,,,
1328,Ellen Dudley,1,,1,,,
1329,Carol Ann Duffy,5,,,1,4,
1330,Alan Dugan,2,,,,2,
1331,Hollie Dugas,2,,2,,,
1332,Denise Duhamel,8,,6,,,2
1333,Nate Duke,1,,,1,,
1334,Vernon Duke,1,,,,,1
1335,Michael Dumanis,4,,1,1,,2
1336,Henry Dumas,1,,,1,,
1337,Paul Laurence Dunbar,13,11,,,,2
1338,Liza Katz Duncan,2,,,2,,
1339,Patrick Dundon,1,,,,,1
1340,Camille T. Dungy,9,,3,1,,5
1341,Rebecca Dunham,4,,4,,,
1342,Meghan Dunn,2,,1,,,1
1343,Natalie Dunn,2,,,,,2
1344,Stephen Dunn,15,,6,1,8,
1345,Steven Duong,1,,,1,,
1346,Anaïs Duplan,2,,1,1,,
1347,Jane Duran,1,,1,,,
1348,Jessica Durham,1,,1,,,
1349,Melanie Dusseau,1,,1,,,
1350,Ryler Dustin,2,,1,,,1
1351,Nicole Terez Dutton,1,,1,,,
1352,Jaclyn Dwyer,1,,1,,,
1353,Joanne Dominique Dwyer,1,,1,,,
1354,Kristin Dykstra,1,,,1,,
1355,Saddiq Dzukogi,3,,1,1,1,
1356,Cornelius Eady,4,,,,2,2
1357,James Earp,1,,1,,,
1358,Haines Eason,1,,1,,,
1359,Carolina Ebeid,5,,4,,1,
1360,David Ebenbach,2,,2,,,
1361,Jane Ebihara,1,,,,,1
1362,Ryan Eckes,1,,,1,,
1363,Suzanne Edison,2,,2,,,
1364,Cynthia Schwartzberg Edlow,1,,1,,,
1365,Martin Edmunds,1,,1,,,
1366,Russell Edson,3,,,1,2,
1367,Lois Parker Edstrom,2,,2,,,
1368,Joshua Edwards,2,,1,1,,
1369,Lynnell Edwards,3,,2,,,1
1370,Stevie Edwards,2,,2,,,
1371,Moira Egan,2,,2,,,
1372,Ron Egatz,1,,1,,,
1373,Julie Egdell,1,,1,,,
1374,Lara Egger,3,,3,,,
1375,Erica Ehrenberg,1,,,1,,
1376,Charlotte Eichler,1,,,1,,
1377,Jorge Eduardo Eielson,1,,,1,,
1378,Jacob Eigen,1,,,1,,
1379,Natalie Eilbert,1,,,1,,
1380,Nancy Eimers,2,,2,,,
1381,Susan Eisenberg,1,,1,,,
1382,Keith Ekiss,2,,2,,,
1383,Eric Ekstrand,1,,1,,,
1384,Susan Elbe,3,,3,,,
1385,Karl Elder,2,,2,,,
1386,Mary Elder,1,,1,,,
1387,Melissa Eleftherion,1,,1,,,
1388,Dalia Elhassan,1,,,1,,
1389,Safia Elhillo,3,,,1,1,1
1390,Olivia Elias,1,,,1,,
1391,T.S. Eliot,7,7,,,,
1392,Ansel Elkins,1,,,,,1
1393,Sarah Elkins,1,,1,,,
1394,Dana Elkun,1,,1,,,
1395,Mohammed El-Kurd,2,,,1,,1
1396,Chris Ellery,1,,1,,,
1397,Chiyuma Elliott,3,,1,1,,1
1398,Okla Elliott,2,,2,,,
1399,Katy E. Ellis,1,,1,,,
1400,Brooke Ellsworth,1,,,1,,
1401,Qutouf Elobaid,2,,,,,2
1402,Rebecca Elson,1,,,,1,
1403,Lynn Emanuel,2,,1,1,,
1404,Oladosu Michael Emerald,1,,,,1,
1405,Claudia Emerson,4,,3,,,1
1406,Hannah Emerson,2,,,1,,1
1407,Ralph Waldo Emerson,5,5,,,,
1408,Renee Emerson,1,,1,,,
1409,Laura Eve Engel,3,,3,,,
1410,Katia Engell,1,,,,1,
1411,Gail Rudd Entrekin,1,,1,,,
1412,Hans Magnus Enzensberger,1,,,,,1
1413,W. Perry Epes,1,,1,,,
1414,Elaine Equi,2,,1,,,1
1415,Katie Erbs,1,,,1,,
1416,Heid E. Erdrich,2,,,,,2
1417,Susan J. Erickson,1,,1,,,
1418,Terri Kirby Erickson,2,,2,,,
1419,William Erickson,1,,,1,,
1420,Shira Erlichman,1,,,,,1
1421,Caelan Ernest,1,,,1,,
1422,Timons Esaias,1,,1,,,
1423,Ashley D. Escobar,2,,,1,,1
1424,CD Eskilson,1,,1,,,
1425,Martín Espada,4,,1,1,,2
1426,Rhina P. Espaillat,1,,1,,,
1427,Joshua Jennifer Espinoza,4,,1,1,,2
1428,Joanne Esser,1,,1,,,
1429,Cathryn Essinger,3,,3,,,
1430,Therese Estacion,1,,,1,,
1431,Angie Estes,3,,3,,,
1432,John Estes,4,,4,,,
1433,Sarah Estes,1,,1,,,
1434,Lucía Estrada,1,,,1,,
1435,Nava EtShalom,1,,,1,,
1436,Carrie Etter,1,,1,,,
1437,Anna M. Evans,2,,2,,,
1438,CJ Evans,3,,1,1,,1
1439,John W. Evans,2,,2,,,
1440,Judson Evans,1,,1,,,
1441,Kate Evans,1,,1,,,
1442,Kerry James Evans,1,,1,,,
1443,William Evans,1,,,,,1
1444,Jaime Brunton & Russell Evatt,1,,1,,,
1445,Russell Evatt,1,,1,,,
1446,Percival Everett,1,,,1,,
1447,Peter Everwine,1,,1,,,
1448,Eve L. Ewing,2,,,,,2
1449,Jeff Ewing,2,,1,1,,
1450,Lupita Eyde-Tucker,1,,1,,,
1451,emet ezell,1,,,1,,
1452,Chinua Ezenwa-Ohaeto,1,,1,,,
1453,Radna Fabias,2,,,2,,
1454,Erica Miriam Fabri,3,,,,3,
1455,Jenny Factor,1,,1,,,
1456,Howard Faerstein,1,,1,,,
1457,Kathy Fagan,3,,2,,,1
1458,Gil Fagiani,1,,1,,,
1459,Adam Fagin,1,,,1,,
1460,Hazem Fahmy,3,,1,,,2
1461,Ruth Fainlight,1,,1,,,
1462,B. H. Fairchild,1,,1,,,
1463,Tarfia Faizullah,5,,1,1,2,1
1464,Jawdat Fakhreddine,1,,1,,,
1465,Kallie Falandays,1,,1,,,
1466,Noah Falck,4,,1,1,1,1
1467,Blas Falconer,3,,1,,,2
1468,Leah Falk,1,,1,,,
1469,Adam Falkner,1,,1,,,
1470,Sofia Fall,1,,1,,,
1471,Scout Faller,1,,1,,,
1472,Ayokunle Falomo,1,,,1,,
1473,Kit Fan,1,,,1,,
1474,Alexis Rhone Fancher,5,,5,,,
1475,Brian Fanelli,1,,1,,,
1476,Changxin Fang,1,,1,,,
1477,Shangyang Fang,1,,,1,,
1478,Robert Fanning,1,,1,,,
1479,Barbara Fant,1,,,1,,
1480,U.A. Fanthorpe,1,,1,,,
1481,William Fargason,2,,1,,1,
1482,Nada Faris,1,,,,1,
1483,Hilary-Anne Farley,1,,,,,1
1484,Kate Farrell,1,,,,,1
1485,Michael Farrell,1,,,1,,
1486,Carina Gia Farrero,1,,1,,,
1487,Katie Farris,5,,1,2,,2
1488,Forough Farrokhzad,1,,,1,,
1489,Forugh Farrokhzad,1,,1,,,
1490,Joseph Fasano,3,,1,,2,
1491,Farnaz Fatemi,1,,,,1,
1492,Mariam Fayez,1,,,,,1
1493,Gibson Fay-LeBlanc,2,,2,,,
1494,Zoë Fay-Stindt,1,,1,,,
1495,Parwana Fayyaz,1,,,1,,
1496,DGB Featherkile,1,,1,,,
1497,Roberta P. Feins,1,,1,,,
1498,Chanda Feldman,3,,2,,,1
1499,Camonghne Felix,1,,,,,1
1500,Adam Fell,1,,1,,,
1501,Shelley Feller,1,,,1,,
1502,Alan Felsenthal,2,,,2,,
1503,Peihe Feng,1,,1,,,
1504,Beth Ann Fennelly,1,,1,,,
1505,Elyse Fenton,1,,1,,,
1506,James Fenton,2,,,,1,1
1507,Joel Ferdon,2,,2,,,
1508,Bernard Ferguson,1,,,,,1
1509,Jesse Ferguson,1,,1,,,
1510,Lawrence Ferlinghetti,2,,,,,2
1511,Megan Fernandes,3,,,1,,2
1512,Patricio Ferrari,1,,,1,,
1513,Carla Sofia Ferreira,1,,,1,,
1514,Monica Ferrell,1,,,,,1
1515,Monique Ferrell,2,,1,,,1
1516,David Ferry,3,,,2,1,
1517,Scott Ferry,1,,1,,,
1518,Jerzy Ficowski,2,,,2,,
1519,Julia Fiedorczuk,1,,,1,,
1520,Gretchen Filart,1,,,,1,
1521,Peter Filkins,1,,,1,,
1522,Robert Fillman,3,,3,,,
1523,Annie Finch,2,,2,,,
1524,Gary Fincke,4,,4,,,
1525,Jonathan Fink,1,,1,,,
1526,James Finnegan,1,,1,,,
1527,Dennis Finnell,1,,1,,,
1528,Nikky Finney,2,,1,,,1
1529,Susan Firer,2,,2,,,
1530,Connor Fisher,1,,,1,,
1531,D. A. Fisher,1,,,1,,
1532,Jessica Fisher,3,,,2,,1
1533,Roy Fisher,1,,,,,1
1534,Ann Fisher-Wirth,1,,1,,,
1535,Lisa Fishman,1,,1,,,
1536,Molly Fisk,1,,,,,1
1537,Anne Fitzgerald,1,,1,,,
1538,Jan FitzGerald,1,,1,,,
1539,Gabriel Fitzmaurice,2,,2,,,
1540,Jameson Fitzpatrick,2,,,2,,
1541,Ryan Flaherty,2,,2,,,
1542,Amber Flame,1,,,1,,
1543,Victoria C. Flanagan,1,,1,,,
1544,Gerald Fleming,1,,1,,,
1545,Kathleen Flenniken,3,,2,,,1
1546,Jane Flett,1,,,,1,
1547,Amy Fleury,2,,1,,1,
1548,Neil de la Flor,1,,1,,,
1549,Keith Flynn,2,,2,,,
1550,Nick Flynn,2,,1,,,1
1551,Rachel Contreni Flynn,1,,1,,,
1552,S.C. Flynn,1,,1,,,
1553,Luiza Flynn-Goodlett,1,,1,,,
1554,Jennifer Elise Foerster,4,,,2,,2
1555,Richard Foerster,2,,1,1,,
1556,Brian Foley,2,,1,1,,
1557,Laura Foley,3,,3,,,
1558,Ruth Foley,1,,1,,,
1559,Jean Follain,1,,,1,,
1560,Ellen Foos,1,,1,,,
1561,Carolyn Forché,3,,,,1,2
1562,t'ai freedom ford,2,,,,,2
1563,Diamond Forde,5,,4,1,,
1564,Chris Forhan,4,,3,,1,
1565,Kelly Forsythe,1,,1,,,
1566,Charles Fort,1,,1,,,
1567,Brett Foster,1,,1,,,
1568,Kate Hanson Foster,2,,,,,2
1569,Linda Nemec Foster,2,,1,1,,
1570,Sesshu Foster,2,,,,,2
1571,Carrie Fountain,4,,2,,,2
1572,Graham Foust,2,,1,1,,
1573,Rebecca Foust,15,,12,1,,2
1574,Sara Ellen Fowler,1,,,1,,
1575,Alan C. Fox,1,,1,,,
1576,Kate Fox,1,,1,,,
1577,Priscilla Frake,1,,1,,,
1578,Anthony Frame,2,,2,,,
1579,Vievee Francis,7,,,3,3,1
1580,Ariel Francisco,1,,1,,,
1581,Diane Frank,1,,1,,,
1582,Matthew Gavin Frank,2,,2,,,
1583,Rebecca Morgan Frank,11,,8,1,,2
1584,Emily Franklin,1,,1,,,
1585,George Franklin,5,,4,,,1
1586,Jennifer Franklin,2,,2,,,
1587,Taylor Franson-Thiel,2,,1,1,,
1588,Gregory Fraser,6,,3,1,,2
1589,Marc Frazier,1,,1,,,
1590,Michael Frazier,1,,,1,,
1591,Santee Frazier,1,,,,,1
1592,Ella Frears,1,,,,1,
1593,Stephen Frech,1,,1,,,
1594,Yahya Frederickson,1,,1,,,
1595,Todd Fredson,1,,1,,,
1596,Barbara Claire Freeman,1,,1,,,
1597,Cal Freeman,2,,2,,,
1598,Glenn Freeman,2,,2,,,
1599,John Freeman,2,,1,,,1
1600,Sarah Freligh,3,,1,,,2
1601,Emily Kendal Frey,2,,1,1,,
1602,Scott Frey,1,,1,,,
1603,Stuart Friebert,1,,1,,,
1604,Daisy Fried,2,,1,1,,
1605,Gabriel Fried,1,,1,,,
1606,Philip Fried,5,,5,,,
1607,Jeff Friedman,2,,2,,,
1608,Hannah Fries,1,,1,,,
1609,Alice Friman,5,,5,,,
1610,Suzanne Frischkorn,5,,5,,,
1611,Carol Frith,1,,1,,,
1612,Laverne Frith,3,,3,,,
1613,from,2,,,,2,
1614,Carol Frost,2,,2,,,
1615,Elizabeth Frost,1,,1,,,
1616,Robert Frost,22,15,,,4,3
1617,John Fry,1,,1,,,
1618,Du Fu,2,,,1,,1
1619,Tracy Fuad,4,,1,2,1,
1620,Joanna Fuhrman,1,,,,,1
1621,Jane Ann Fuller,1,,1,,,
1622,Alice Fulton,1,,,1,,
1623,Julie Funderburk,2,,2,,,
1624,Allison Funk,4,,3,1,,
1625,Augusta Funk,1,,,1,,
1626,Diane Furtney,1,,1,,,
1627,Serena Fusek,1,,1,,,
1628,Samantha Leigh Futhey,1,,1,,,
1629,Vanessa Jimenez Gabb,3,,2,,,1
1630,Elisa Gabbert,4,,1,1,,2
1631,Mag Gabbert,2,,,2,,
1632,Kay Gabriel,1,,,,,1
1633,Jonterri Gadson,1,,1,,,
1634,Jerome Gagnon,1,,1,,,
1635,Jeannine Hall Gailey,12,,11,1,,
1636,Eduardo Galeano,1,,,,1,
1637,Sebastián Jiménez Galindo,1,,1,,,
1638,Jean Gallagher,1,,1,,,
1639,Tess Gallagher,3,,,,1,2
1640,G.C. Waldrep & John Gallaher,3,,3,,,
1641,John Gallaher,14,,13,,,1
1642,Kristina Marie Darling & John Gallaher,1,,1,,,
1643,Brendan Galvin,1,,1,,,
1644,James Galvin,2,,2,,,
1645,Rachel Galvin,2,,1,,,1
1646,Majda Gama,1,,,1,,
1647,Eric Gamalinda,3,,,,3,
1648,Sarah Gambito,1,,,,,1
1649,Hannah Gamble,1,,1,,,
1650,Antonio Gamoneda,2,,,2,,
1651,Forrest Gander,2,,,2,,
1652,Shanta Lee Gander,2,,,,,2
1653,Megan Gannon,2,,1,,,1
1654,Ben Gantcher,1,,1,,,
1655,Benjamin Gantcher,1,,,1,,
1656,Albert Garcia,1,,,,,1
1657,Alexis Aceves Garcia,1,,,,,1
1658,Ángel García,1,,,1,,
1659,Benjamin Garcia,2,,1,,,1
1660,Cristina Garcia,1,,1,,,
1661,Joshua Garcia,2,,2,,,
1662,Kim Garcia,1,,1,,,
1663,Ramón García,1,,1,,,
1664,Richard Garcia,1,,1,,,
1665,Violeta Garcia-Mendoza,2,,,,,2
1666,Christine Gardiner,1,,1,,,
1667,Benin Gardner,1,,,1,,
1668,Max Garland,1,,1,,,
1669,Soleil Garneau,1,,1,,,
1670,Nola Garrett,1,,1,,,
1671,Michael Garrigan,1,,1,,,
1672,David Lee Garrison,1,,1,,,
1673,Deborah Garrison,1,,,,,1
1674,Kristyn Garza,1,,1,,,
1675,Kate Gaskin,1,,1,,,
1676,Frank X. Gaspar,1,,1,,,
1677,Ross Gay,7,,1,,3,3
1678,Rasaq Malik Gbolahan,1,,1,,,
1679,Darien Hsu Gee,1,,,1,,
1680,Steve Gehrke,1,,1,,,
1681,Timothy Geiger,2,,2,,,
1682,Elaine van der Geld,1,,1,,,
1683,Christine Gelineau,1,,1,,,
1684,Adam J. Gellings,1,,,,,1
1685,Matthew Gellman,2,,,2,,
1686,Annelyse Gelman,2,,1,1,,
1687,Juan Gelman,1,,1,,,
1688,Sara Gelston,1,,1,,,
1689,Pamela Gemin,1,,1,,,
1690,James Gendron,1,,1,,,
1691,Paul Genega,1,,1,,,
1692,Jane Gentry,1,,1,,,
1693,Amy L. George,1,,1,,,
1694,Brandi George,1,,1,,,
1695,Geleisa George,1,,,,,1
1696,Jenny George,4,,1,1,1,1
1697,Karen L. George,1,,1,,,
1698,Danielle Legros Georges,1,,,,,1
1699,Dan Gerber,1,,1,,,
1700,Leslie Gerber,1,,1,,,
1701,Carmen Germain,3,,3,,,
1702,Sheryl St. Germain,1,,1,,,
1703,Amy Gerstler,3,,,,,3
1704,Gloria Gervitz,1,,,1,,
1705,Michael Gessner,2,,2,,,
1706,Hafizah Geter,3,,,1,,2
1707,Charlie Getter,1,,,,,1
1708,Bernadette Geyer,1,,1,,,
1709,Ghalib,1,,1,,,
1710,S. J. Ghaus,1,,,1,,
1711,Adrija Ghosh,1,,,1,,
1712,Sid Ghosh,1,,,1,,
1713,Doireann Ní Ghríofa,1,,,1,,
1714,Adam Giannelli,1,,1,,,
1715,David Giannini,1,,1,,,
1716,Phoebe Giannisi,2,,,2,,
1717,Natalie Giarratano,1,,1,,,
1718,Robert Gibb,1,,1,,,
1719,Katherine Gibbel,1,,,,,1
1720,Crystal Spring Gibbins,1,,1,,,
1721,Heather June Gibbons,1,,1,,,
1722,Paul Gibbons,2,,1,1,,
1723,Reginald Gibbons,1,,,1,,
1724,Jules Gibbs,3,,2,1,,
1725,Kahlil Gibran,1,,,,,1
1726,Andrea Gibson,2,,,,1,1
1727,Dobby Gibson,2,,,1,,1
1728,Margaret Gibson,5,,5,,,
1729,RJ Gibson,1,,1,,,
1730,Stephen Gibson,2,,2,,,
1731,Elsa Gidlow,1,,,,,1
1732,Christopher Gilbert,1,,,,,1
1733,Eliza Gilbert,1,,,1,,
1734,grace (ge) gilbert,1,,,1,,
1735,Jack Gilbert,8,,,,6,2
1736,Sandra Gilbert,2,,2,,,
1737,Gary Gildner,1,,1,,,
1738,Doreen Gildroy,1,,1,,,
1739,Merril Gilfillan,1,,,1,,
1740,Erika Gill,1,,1,,,
1741,Marie-Andrée Gill,1,,,1,,
1742,Maria Mazziotti Gillan,6,,6,,,
1743,Carmen R. Gillespie,1,,1,,,
1744,Mary Jo Firth Gillett,1,,1,,,
1745,Raquel Vasquez Gilliland,1,,1,,,
1746,Alan Gillis,1,,1,,,
1747,Charles Gillispie,1,,1,,,
1748,Michelle Gil-Montero,1,,1,,,
1749,Laura Gilpin,3,,,,3,
1750,Pere Gimferrer,1,,,1,,
1751,Allen Ginsberg,2,,,,2,
1752,Melissa Ginsburg,2,,1,,,1
1753,Dana Gioia,1,,,,,1
1754,Nikki Giovanni,1,,,,1,
1755,Sarah Giragosian,4,,3,,,1
1756,Aracelis Girmay,7,,1,1,2,3
1757,Nica Giromini,1,,,1,,
1758,CJ Giroux,1,,1,,,
1759,Jenn Givhan,2,,1,,,1
1760,Jennifer Givhan,5,,4,1,,
1761,Juliette Givhan,1,,,,,1
1762,Peter Gizzi,3,,,3,,
1763,Jody Gladding,1,,,1,,
1764,Renee Gladman,1,,,1,,
1765,Diane Glancy,3,,2,1,,
1766,Elton Glaser,5,,5,,,
1767,Rachel B. Glaser,1,,1,,,
1768,Ewen Glass,1,,1,,,
1769,Joan Kwon Glass,4,,,1,,3
1770,Gary Glauber,6,,6,,,
1771,Michael Glaviano,1,,1,,,
1772,Andrew Glaze,1,,1,,,
1773,Michele Glazer,2,,1,1,,
1774,Anna Glazova,1,,,1,,
1775,Karen Glenn,1,,1,,,
1776,Susan Glickman,2,,,,2,
1777,Angela-Manalang Gloria,1,,,,1,
1778,Eugene Gloria,2,,1,,,1
1779,Maggie Glover,2,,2,,,
1780,Peter Joseph Gloviczki,1,,1,,,
1781,John E. Glowney,1,,1,,,
1782,Louise Glück,15,,,4,9,2
1783,Stacy Gnall,2,,1,1,,
1784,Valentina Gnup,1,,1,,,
1785,John Godfrey,1,,1,,,
1786,Landon Godfrey,2,,2,,,
1787,Diana Goetsch,1,,1,,,
1788,Guy Goffette,1,,1,,,
1789,Albert Goldbarth,9,,7,,2,
1790,Beckian Fritz Goldberg,1,,1,,,
1791,Benjamin Goldberg,1,,1,,,
1792,Leah Goldberg,1,,1,,,
1793,Midge Goldberg,1,,1,,,
1794,Golden,1,,,1,,
1795,Sierra Golden,2,,2,,,
1796,Tasha Golden,1,,1,,,
1797,Tirzah Goldenberg,1,,,1,,
1798,Paul Goldman,1,,1,,,
1799,Paula Goldman,1,,1,,,
1800,Emily M. Goldsmith,1,,,,1,
1801,Evan Goldstein,1,,,1,,
1802,Lydia Golitz,1,,1,,,
1803,Veronica Golos,1,,1,,,
1804,Mónica Gomery,3,,1,1,,1
1805,Carlos Andrés Gómez,3,,1,,,2
1806,MJ Gomez,1,,1,,,
1807,Nancy Miller Gomez,3,,3,,,
1808,Rodney Gomez,3,,3,,,
1809,Yam Gong,2,,,2,,
1810,Catherine Gonick,1,,1,,,
1811,Leonard Gontarek,1,,1,,,
1812,Elisa Gonzalez,2,,,1,,1
1813,India Lena González,1,,,,,1
1814,Ray Gonzalez,5,,4,1,,
1815,Rigoberto González,2,,1,,,1
1816,Beth Goobie,1,,1,,,
1817,Regan Good,1,,1,,,
1818,Jessica Goodfellow,8,,8,,,
1819,Michael Goodfellow,5,,5,,,
1820,Jessica Goodheart,1,,1,,,
1821,Nicholas Goodly,1,,,,,1
1822,Brent Goodman,1,,1,,,
1823,D.R. Goodman,1,,1,,,
1824,Henrietta Goodman,1,,1,,,
1825,Charles Goodrich,1,,1,,,
1826,Christopher Goodrich,1,,1,,,
1827,Dana Goodyear,1,,1,,,
1828,Johannes Göransson,1,,,1,,
1829,Jason Gordon,1,,1,,,
1830,Noah Eli Gordon,1,,1,,,
1831,Gemma Gorga,2,,1,1,,
1832,David Gorin,1,,,1,,
1833,Deborah Gorlin,1,,1,,,
1834,Amanda Gorman,1,,,,,1
1835,Tara Gorvine,1,,1,,,
1836,Christine Gosnay,2,,2,,,
1837,Erica Goss,2,,2,,,
1838,Rupa Gosvami,1,,,1,,
1839,Daphne Gottlieb,1,,,,1,
1840,Rae Gouirand,4,,3,1,,
1841,A. Minetta Gould,1,,1,,,
1842,Michalle Gould,1,,1,,,
1843,Kara van de Graaf,4,,3,1,,
1844,Kathleen Graber,2,,1,,,1
1845,Andrew Grace,2,,,,,2
1846,Tanya Grae,1,,1,,,
1847,Garth Graeper,1,,,1,,
1848,Derek Graf,1,,1,,,
1849,Catherine Graham,1,,1,,,
1850,David Graham,1,,1,,,
1851,Jorie Graham,4,,,3,,1
1852,Peter Grandbois,1,,1,,,
1853,Mark Granier,2,,2,,,
1854,JP Grasser,1,,,1,,
1855,Anne Graue,1,,1,,,
1856,Hillary Gravendyk,2,,1,1,,
1857,Jesse Graves,2,,2,,,
1858,Robert von Ranke Graves,3,3,,,,
1859,Jan-Henry Gray,2,,,1,,1
1860,Jason Gray,2,,2,,,
1861,Juliana Gray,2,,2,,,
1862,Kelly Gray,2,,,1,,1
1863,Amy Graziano,1,,1,,,
1864,Amy Glynn Greacen,1,,1,,,
1865,torrin a. greathouse,2,,,2,,
1866,Carrie Green,1,,1,,,
1867,Chris Green,1,,1,,,
1868,Eryn Green,1,,1,,,
1869,Joseph Green,2,,2,,,
1870,Lauren Aliza Green,1,,,,,1
1871,Leah Naomi Green,1,,,1,,
1872,Samuel Green,2,,1,1,,
1873,Sarah Green,2,,1,,,1
1874,Jessica Greenbaum,1,,1,,,
1875,Miriam Bird Greenberg,1,,1,,,
1876,Jeffrey Greene,2,,2,,,
1877,Jonathan Greene,1,,1,,,
1878,Richard Greenfield,1,,1,,,
1879,Sonia Greenfield,2,,2,,,
1880,Jim Greenhalf,1,,1,,,
1881,Stuart Greenhouse,1,,,1,,
1882,Kate Greenstreet,1,,1,,,
1883,William Greenway,2,,2,,,
1884,Debora Greger,1,,1,,,
1885,Linda Gregerson,3,,,1,,2
1886,Linda Gregg,10,,,,7,3
1887,Mack Gregg,1,,,1,,
1888,Carol Lynn Stevenson Grellas,3,,3,,,
1889,Robert Grenier,1,,,,1,
1890,Eamon Grennan,4,,,1,2,1
1891,Kimberly Grey,4,,3,1,,
1892,Sarah Gridley,1,,1,,,
1893,Brandan Griffin,1,,,1,,
1894,Nicki Griffin,2,,2,,,
1895,Rob Griffith,1,,1,,,
1896,Jane Griffiths,2,,1,1,,
1897,Rachel Eliza Griffiths,3,,,,,3
1898,Angelina Weld Grimké,2,,,,,2
1899,James Grinwis,5,,5,,,
1900,Eliza Griswold,1,,,,1,
1901,Jay Griswold,1,,1,,,
1902,Vona Groarke,1,,,1,,
1903,David Groff,2,,1,,,1
1904,Kelle Groom,2,,2,,,
1905,Emily Grosholz,1,,1,,,
1906,Philip Gross,2,,1,1,,
1907,Benjamin S. Grossberg,10,,9,1,,
1908,Dorothea Grossman,1,,,,1,
1909,Sara J. Grossman,2,,2,,,
1910,Jennifer Grotz,1,,,1,,
1911,Daniel Groves,1,,1,,,
1912,Jason Grundstrom-Whitney,1,,1,,,
1913,Robert Grunst,1,,1,,,
1914,Eileen GSell,1,,1,,,
1915,Anna Gual,1,,,1,,
1916,Ben Gucciardi,1,,1,,,
1917,Benjamin Gucciardi,3,,1,2,,
1918,Eric Gudas,1,,1,,,
1919,Matthew Guenette,6,,6,,,
1920,Silvia Guerra,1,,,1,,
1921,Wendy Guerra,1,,,1,,
1922,Maricela Guerrero,2,,,2,,
1923,Avery M. Guess,1,,1,,,
1924,Paul Guest,11,,9,,1,1
1925,Julia Guez,1,,,1,,
1926,George Guida,2,,2,,,
1927,Nicolás Guillén,1,,,1,,
1928,Ursula K. Le Guin,2,,1,,1,
1929,Carolyn Guinzio,1,,1,,,
1930,Lara Gularte,1,,1,,,
1931,Alexis Pauline Gumbs,1,,,,,1
1932,Jeff Gundy,2,,2,,,
1933,Amanda Gunn,1,,,1,,
1934,Thom Gunn,1,,,,,1
1935,Kari Gunter-Seymour,4,,4,,,
1936,Kinshuk Gupta,1,,,1,,
1937,Nora Gupta,1,,,1,,
1938,Jaimie Gusman,1,,1,,,
1939,Annie Guthrie,1,,1,,,
1940,Camille Guthrie,2,,1,,,1
1941,Sarah Kain Gutowski,1,,1,,,
1942,Daniel Gutstein,2,,2,,,
1943,John Guzlowski,1,,1,,,
1944,Brian Gyamfi,1,,,1,,
1945,Beth Gylys,5,,5,,,
1946,Lilian Ha,1,,1,,,
1947,Tami Haaland,4,,2,,,2
1948,Hedy Habra,4,,4,,,
1949,Marilyn Hacker,3,,2,1,,
1950,Rachel Hadas,2,,1,,,1
1951,Amy Haddad,1,,,,,1
1952,Joumana Haddad,1,,1,,,
1953,Mark Haddon,1,,,,1,
1954,Jen Hadfield,1,,,1,,
1955,Shin Hae-uk,1,,,1,,
1956,Ellen Hagan,2,,,,,2
1957,Jessica Hagedorn,1,,,,,1
1958,Seth Hagen,1,,1,,,
1959,Richard Hague,2,,2,,,
1960,Kimiko Hahn,4,,1,1,1,1
1961,Xiao Hai,1,,,1,,
1962,Rasma Haidri,1,,1,,,
1963,Lauren Haldeman,1,,1,,,
1964,Pat Hale,1,,1,,,
1965,Judy Halebsky,2,,2,,,
1966,Daniel Hales,1,,1,,,
1967,Jeremy Halinen,1,,1,,,
1968,Alexandria Hall,1,,,,,1
1969,Becca Rose Hall,1,,1,,,
1970,Donald Hall,3,,,,3,
1971,H. Palmer Hall,1,,1,,,
1972,James Allen Hall,6,,2,3,,1
1973,Joe Hall,2,,1,1,,
1974,Shafer Hall,1,,,,,1
1975,Kathleen Halme,1,,1,,,
1976,Barbara Hamby,2,,2,,,
1977,Jordan Hamel,1,,,1,,
1978,Forrest Hamer,1,,1,,,
1979,Richard Hamilton,1,,,1,,
1980,Saskia Hamilton,1,,,1,,
1981,Justin Hamm,1,,1,,,
1982,Brenda Mann Hammack,1,,1,,,
1983,Suheir Hammad,1,,,,1,
1984,Chera Hammons,2,,1,,,1
1985,Alen Hamza,1,,1,,,
1986,Monica A. Hand,1,,,,,1
1987,Nathalie Handal,2,,,1,,1
1988,Luke Hankins,2,,2,,,
1989,Gail Hanlon,1,,1,,,
1990,Noël Hanlon,2,,2,,,
1991,Sarah Hannah,4,,4,,,
1992,Pauletta Hansel,1,,1,,,
1993,Re'Lynn Hansen,1,,1,,,
1994,Margaret Hanshaw,1,,1,,,
1995,Danielle Hanson,2,,2,,,
1996,Julie Hanson,2,,2,,,
1997,C.G. Hanzlicek,1,,,,1,
1998,Choman Hardi,1,,1,,,
1999,Kerry Hardie,1,,,,,1
2000,Jeff Hardin,3,,3,,,
2001,Shannon Elizabeth Hardwick,1,,1,,,
2002,Cynthia Hardy,1,,1,,,
2003,Myronn Hardy,4,,3,1,,
2004,Thomas Hardy,15,13,,,,2
2005,Jared Harél,4,,2,2,,
2006,Kathryn Hargett-Hsu,2,,,2,,
2007,Joy Harjo,9,,,1,4,4
2008,Rachel Harkai,1,,1,,,
2009,Edward Harkness,1,,1,,,
2010,Chelsea Harlan,2,,1,1,,
2011,Megan Harlan,1,,1,,,
2012,Joshua Harmon,1,,1,,,
2013,Maurice Harmon,2,,2,,,
2014,James Harms,1,,1,,,
2015,Frances Ellen Watkins Harper,3,,,,,3
2016,Janice N. Harrington,3,,2,1,,
2017,Janis Harrington,1,,1,,,
2018,Daniel Y. Harris,1,,1,,,
2019,Duriel E. Harris,1,,,,,1
2020,francine j. harris,3,,,,,3
2021,Ian Harris,1,,1,,,
2022,Lizzie Harris,1,,1,,,
2023,Paula Harris,1,,,,1,
2024,Reginald Harris,1,,1,,,
2025,Will Harris,1,,,1,,
2026,William J. Harris,2,,,1,,1
2027,Zachary Harris,2,,2,,,
2028,Jeffrey Harrison,5,,3,1,1,
2029,Jim Harrison,4,,2,2,,
2030,Joseph Harrison,1,,1,,,
2031,Lesley Harrison,1,,,1,,
2032,Leslie Harrison,3,,2,1,,
2033,Tony Harrison,1,,,,1,
2034,Clarinda Harriss,1,,,,1,
2035,Dave Harrity,1,,1,,,
2036,Lois Marie Harrod,7,,7,,,
2037,Karen Harryman,1,,1,,,
2038,Marc Harshman,2,,1,,,1
2039,Henry Hart,2,,2,,,
2040,Kenneth Hart,2,,2,,,
2041,Matt Hart,3,,3,,,
2042,Pamela Hart,2,,,,,2
2043,Endi Bogue Hartigan,2,,1,1,,
2044,Heather Hartley,1,,1,,,
2045,Charles O. Hartman,1,,1,,,
2046,Katie Hartsock,2,,1,1,,
2047,Julia Hartwig,1,,,,1,
2048,Matthea Harvey,5,,1,,2,2
2049,Mikko Harvey,4,,1,1,1,1
2050,Yona Harvey,2,,1,,,1
2051,Lisa M. Hase-Jackson,1,,1,,,
2052,Shadab Zeest Hashmi,1,,1,,,
2053,Lola Haskins,3,,3,,,
2054,Robert Hass,5,,,2,1,2
2055,Eman Hassan,1,,1,,,
2056,Sadia Hassan,1,,,1,,
2057,Margaret Hasse,2,,2,,,
2058,Ana Hatherly,1,,,1,,
2059,David Hathwell,1,,1,,,
2060,James Haug,5,,5,,,
2061,Kaylin Haught,1,,,,1,
2062,Tom Haushalter,1,,1,,,
2063,Niels Hav,1,,,1,,
2064,Stephen Haven,1,,1,,,
2065,Ashley Mace Havird,2,,2,,,
2066,Red Hawk,2,,2,,,
2067,Amanda Hawkins,1,,,,,1
2068,Gary Hawkins,1,,1,,,
2069,Shayla Hawkins,1,,1,,,
2070,Walter Everette Hawkins,1,,,,,1
2071,Samer Abu Hawwash,2,,,,2,
2072,Brooks Haxton,1,,,1,,
2073,Dolores Hayden,1,,1,,,
2074,Robert Hayden,4,,,1,2,1
2075,Terrance Hayes,6,,3,1,,2
2076,K. A. Hays,5,,4,,,1
2077,Rebecca Hazelton,7,,7,,,
2078,Oli Hazzard,1,,,1,,
2079,H.D.,1,,,,,1
2080,Chengru He,1,,1,,,
2081,Huan He,2,,1,1,,
2082,Steve Healey,2,,1,,,1
2083,Eloise Klein Healy,2,,1,,,1
2084,Tom Healy,1,,,,,1
2085,Seamus Heaney,3,,1,,1,1
2086,Todd Hearon,1,,1,,,
2087,Kevin Heaton,1,,1,,,
2088,Arielle Hebert,3,,,1,1,1
2089,Anthony Hecht,1,,,,1,
2090,Jennifer Michael Hecht,1,,1,,,
2091,Robert Hedin,1,,1,,,
2092,Michael Heffernan,2,,2,,,
2093,James Heflin,1,,1,,,
2094,Kathleen Heil,1,,,1,,
2095,Eva Heisler,2,,,2,,
2096,Joseph Heithaus,1,,1,,,
2097,Marwa Helal,1,,,,,1
2098,Kathleen Hellen,1,,1,,,
2099,Carolyn Hembree,2,,2,,,
2100,Andrew Hemmert,3,,2,1,,
2101,Aleksandar Hemon,2,,,,,2
2102,Elise Hempel,2,,2,,,
2103,Destiny Hemphill,1,,,1,,
2104,Essex Hemphill,1,,,1,,
2105,Ambalila Hemsell,2,,,,,2
2106,Ashjan Hendi,2,,,,,2
2107,Raye Hendrix,1,,,1,,
2108,William Ernest Henley,2,,,,2,
2109,Tom Hennen,1,,,,,1
2110,Eileen Hennessy,1,,1,,,
2111,John Hennessy,2,,2,,,
2112,Sara Henning,3,,3,,,
2113,Matthew Henriksen,4,,2,,,2
2114,Gordon Henry,2,,1,1,,
2115,S*an D. Henry-Smith,1,,,1,,
2116,Kale Hensley,1,,,1,,
2117,A. P. Herbert,1,,,,1,
2118,George Herbert,1,,,,,1
2119,W. J. Herbert,1,,,1,,
2120,Monika Herceg,1,,,1,,
2121,Niki Herd,2,,,1,,1
2122,Tracey Herd,1,,1,,,
2123,Adalber Salas Hernández,1,,,1,,
2124,David Hernandez,8,,8,,,
2125,Gustavo Hernandez,2,,,,,2
2126,Nicole Arocho Hernández,1,,,,,1
2127,Saúl Hernández,4,,,3,,1
2128,Lee Herrick,1,,1,,,
2129,Alec Hershman,1,,1,,,
2130,Robert Hershon,1,,,,1,
2131,Michael Hettich,5,,4,,1,
2132,Greg Hewett,1,,1,,,
2133,Seán Hewitt,1,,,,1,
2134,Suzanne Heyd,1,,1,,,
2135,Rage Hezekiah,3,,2,1,,
2136,Alison Hicks,1,,1,,,
2137,Faylita Hicks,1,,,,,1
2138,Bob Hicok,25,,18,1,3,3
2139,Christine Higgins,1,,1,,,
2140,Kevin Higgins,3,,3,,,
2141,Siew David Hii,1,,1,,,
2142,Nora Hikari,2,,,1,1,
2143,Nâzim Hikmet,3,,,,1,2
2144,Conrad Hilberry,1,,1,,,
2145,Jane Hilberry,1,,1,,,
2146,Donna Hilbert,1,,1,,,
2147,Ernest Hilbert,1,,1,,,
2148,Neil Hilborn,1,,,,1,
2149,Lauren Hilger,1,,1,,,
2150,DaMaris B. Hill,2,,,1,,1
2151,Kaycee Hill,1,,,1,,
2152,R. Nemo Hill,2,,2,,,
2153,Sean Hill,3,,1,1,,1
2154,Selima Hill,1,,,1,,
2155,Tennessee Hill,1,,1,,,
2156,W. Nick Hill,1,,1,,,
2157,Donora Hillard,1,,1,,,
2158,Rich Hilles,1,,1,,,
2159,Rick Hilles,1,,1,,,
2160,Brenda Hillman,6,,2,1,1,2
2161,Linda Hillringhouse,1,,1,,,
2162,Jaimee Hills,1,,1,,,
2163,Maria Dylan Himmelman,1,,,1,,
2164,Jessica Hincapié,1,,,,1,
2165,Noor Hindi,2,,,,1,1
2166,Emma Hine,2,,,,,2
2167,AE Hines,1,,1,,,
2168,Dennis Hinrichsen,2,,2,,,
2169,Toshiko Hirata,1,,,1,,
2170,Edward Hirsch,3,,,,1,2
2171,Jane Hirshfield,21,,4,,12,5
2172,Elizabyth Hiscox,1,,1,,,
2173,Lisa Hiton,2,,,1,,1
2174,Zoë Hitzig,3,,,2,,1
2175,H. L. Hix,2,,1,1,,
2176,Brynja Hjálmsdóttir,1,,,1,,
2177,Tony Hoagland,5,,1,1,2,1
2178,Sy Hoahwah,1,,1,,,
2179,Parker Hobson,1,,,1,,
2180,James Hoch,5,,2,1,,2
2181,Emily Hockaday,1,,1,,,
2182,John Hodgen,1,,1,,,
2183,Catherine Abbey Hodges,4,,3,,1,
2184,Kelly Hoffer,4,,,3,,1
2185,Carlie Hoffman,5,,,3,,2
2186,Cynthia Marie Hoffman,3,,2,,,1
2187,Jeff Hoffman,1,,1,,,
2188,Richard Hoffman,1,,1,,,
2189,Richie Hofmann,2,,,1,,1
2190,Laura Reece Hogan,1,,1,,,
2191,Linda Hogan,1,,,,1,
2192,Don Hogle,1,,1,,,
2193,Cynthia Hogue,3,,3,,,
2194,Nathan Hoks,4,,3,1,,
2195,Jackson Holbert,1,,,1,,
2196,Kevin Holden,1,,,1,,
2197,Madronna Holden,1,,1,,,
2198,Harmony Holiday,2,,,2,,
2199,Sarah Holland-Batt,1,,1,,,
2200,Andrea Hollander,5,,4,,,1
2201,Jean Hollander,1,,1,,,
2202,Jodie Hollander,4,,2,1,,1
2203,Bill Hollands,1,,,,,1
2204,Luke Hollis,1,,1,,,
2205,Matthew Hollis,1,,,1,,
2206,Wayne Holloway-Smith,1,,1,,,
2207,Amy Holman,2,,2,,,
2208,Karen Holmberg,1,,1,,,
2209,Anne Cecelia Holmes,2,,2,,,
2210,Karen Paul Holmes,2,,1,,,1
2211,Tom Holmes,4,,4,,,
2212,Darrel Alejandro Holnes,1,,,,,1
2213,Natalie Homer,2,,,,,2
2214,Michael Homolka,2,,2,,,
2215,Anna Maria Hong,3,,2,1,,
2216,Cathy Park Hong,1,,1,,,
2217,Garrett Hongo,3,,,1,,2
2218,Chloe Honum,2,,2,,,
2219,Shawn Hoo,2,,1,1,,
2220,Jane Hoogestraat,1,,1,,,
2221,Rebecca Hoogs,3,,3,,,
2222,Eva Mary Hooker,1,,1,,,
2223,Erin Hoover,1,,1,,,
2224,Paul Hoover,1,,1,,,
2225,Suzanne Marie Hopcroft,2,,2,,,
2226,Gerard Manley Hopkins,14,11,,1,1,1
2227,Jay Hopler,3,,,2,,1
2228,John Hoppenthaler,6,,6,,,
2229,Ailish Hopper,1,,,,,1
2230,Cheryl Hopson,1,,1,,,
2231,Horace,3,,,3,,
2232,Randall Horton,1,,1,,,
2233,Ranjit Hoskote,1,,,1,,
2234,Paul Hostovsky,11,,10,,1,
2235,Matthew Hotham,1,,1,,,
2236,Ron Houchin,3,,3,,,
2237,Adam Houle,1,,1,,,
2238,Joan Houlihan,3,,1,1,,1
2239,Hasib Hourani,1,,,1,,
2240,Silas House,1,,,,,1
2241,A.E. Housman,14,14,,,,
2242,Lynn Marie Houston,1,,1,,,
2243,Ben Howard,2,,2,,,
2244,JP Howard,1,,,,,1
2245,Liz Howard,1,,,1,,
2246,Sarah Howden,1,,1,,,
2247,Fanny Howe,2,,,1,1,
2248,Julia Ward Howe,1,,,,,1
2249,Marie Howe,10,,,1,6,3
2250,Susan Elizabeth Howe,2,,1,1,,
2251,Christopher Howell,2,,2,,,
2252,Rebecca Gayle Howell,1,,1,,,
2253,Tung-Hui Hu,2,,1,,1,
2254,Jennifer Huang,1,,,1,,
2255,Yong-Yu Huang,2,,,,1,1
2256,Giancarlo Huapaya,1,,,1,,
2257,David Huddle,1,,1,,,
2258,Liza Hudock,1,,,1,,
2259,Ann Hudson,1,,1,,,
2260,Ashley Elizabeth Hudson,1,,1,,,
2261,Michael Derrick Hudson,1,,1,,,
2262,Javier O. Huerta,1,,,,,1
2263,Amorak Huey,11,,9,,,2
2264,Jane Huffman,2,,1,1,,
2265,Jibade-Khalil Huffman,1,,1,,,
2266,Adam Hughes,2,,1,1,,
2267,Charlie Hughes,1,,1,,,
2268,Frieda Hughes,1,,1,,,
2269,Henry Hughes,1,,1,,,
2270,Holly J. Hughes,2,,2,,,
2271,Langston Hughes,16,13,,1,1,1
2272,Luther Hughes,2,,,1,,1
2273,Elizabeth Hughey,3,,2,1,,
2274,Richard Hugo,2,,,,1,1
2275,William Huhn,2,,2,,,
2276,YE Hui,1,,,1,,
2277,Leah Huizar,1,,,1,,
2278,T. E. Hulme,2,,,,2,
2279,Patrycja Humienik,4,,,2,,2
2280,Maria Hummel,3,,1,1,,1
2281,Austin Hummell,1,,1,,,
2282,TR Hummer,2,,2,,,
2283,Tom C. Hunley,14,,14,,,
2284,Erica Hunt,2,,,1,,1
2285,Carrie Hunter,1,,,1,,
2286,Paul Hunter,4,,4,,,
2287,Rose Hunter,1,,1,,,
2288,Cynthia Huntington,2,,2,,,
2289,Ho Xuan Huong,1,,,,1,
2290,Bethany Schultz Hurst,3,,3,,,
2291,Rochelle Hurt,4,,4,,,
2292,Jade Hurter,1,,1,,,
2293,Saba Husain,1,,1,,,
2294,Nasser Hussain,1,,,1,,
2295,Karla Huston,1,,1,,,
2296,Allison Hutchcraft,1,,1,,,
2297,Ishion Hutchinson,3,,1,1,,1
2298,J. Bailey Hutchinson,2,,2,,,
2299,Joseph Hutchison,1,,1,,,
2300,Lizzie Hutton,1,,1,,,
2301,Susan Hutton,1,,1,,,
2302,Sabine Huynh,1,,,1,,
2303,Su Hwang,1,,,,,1
2304,Kim Hyesoon,3,,,3,,
2305,Barbara Helfgott Hyett,1,,1,,,
2306,fahima ife,2,,,2,,
2307,Holly Iglesias,1,,1,,,
2308,Legna Rodríguez Iglesias,1,,,,,1
2309,Luisa A. Igloria,6,,3,1,2,
2310,Kai Ihns,1,,,1,,
2311,John Pursley III,2,,2,,,
2312,Willie Lee Kinard III,2,,,2,,
2313,Lindsay Illich,2,,2,,,
2314,Anthony Immergluck,2,,,,,2
2315,Beatriz Miralles de Imperial,1,,,1,,
2316,Hwang InChan,1,,,1,,
2317,Colette Inez,2,,2,,,
2318,Collette Inez,1,,,,1,
2319,Carly Inghram,1,,,1,,
2320,Romana Iorga,1,,,1,,
2321,Mark Irwin,2,,2,,,
2322,Nazifa Islam,2,,1,1,,
2323,John Isles,1,,1,,,
2324,Henry Israeli,2,,2,,,
2325,Kobayashi Issa,2,,,,2,
2326,Hiromi Itō,1,,,1,,
2327,M.J. Iuppa,1,,1,,,
2328,K. Iver,3,,,1,1,1
2329,Helen Ivory,1,,1,,,
2330,Alexis Ivy,1,,1,,,
2331,James Jabar,1,,1,,,
2332,Mary Kathryn Jablonski,1,,1,,,
2333,Angela Jackson,4,,1,,,3
2334,Didi Jackson,3,,1,,,2
2335,Gary Jackson,4,,1,2,1,
2336,Kara Jackson,1,,,,,1
2337,Linda Susan Jackson,1,,,,,1
2338,Major Jackson,8,,1,1,1,5
2339,Marcus Jackson,2,,,,,2
2340,Richard Jackson,5,,5,,,
2341,Max Jacob,1,,,1,,
2342,Jessica Jacobs,3,,3,,,
2343,Mitchell Jacobs,1,,,,,1
2344,Mary Elder Jacobsen,2,,1,,,1
2345,Elizabeth Jacobson,4,,3,1,,
2346,Roy Jacobstein,1,,1,,,
2347,Hilary S. Jacqmin,1,,1,,,
2348,Ann Jäderlund,1,,,1,,
2349,M. W. Jaeggle,1,,,1,,
2350,Ha Jaeyoun,1,,,1,,
2351,Gilad Jaffe,1,,,1,,
2352,Catherine Jagoe,1,,1,,,
2353,Leeladhar Jagoori,1,,,1,,
2354,John James,1,,,1,,
2355,Omotara James,3,,,2,,1
2356,Sonja James,1,,1,,,
2357,Thomas James,1,,,,,1
2358,Kyla Jamieson,1,,,,1,
2359,Brionne Janae,2,,,1,,1
2360,Perry Janes,1,,,1,,
2361,Mark Jarman,6,,4,,,2
2362,Bethany Jarmul,1,,1,,,
2363,Lisa Jarnot,1,,1,,,
2364,TJ Jarrett,2,,2,,,
2365,Alison Jarvis,1,,1,,,
2366,Matt Jasper,1,,1,,,
2367,Raúl Gómez Jattin,1,,,1,,
2368,Ghinwa Jawhari,2,,,2,,
2369,Di Jayawickrema,1,,,1,,
2370,Jennifer Jean,1,,,,,1
2371,Honorée Fanonne Jeffers,1,,,1,,
2372,Robinson Jeffers,1,,,,,1
2373,Lesley Jenike,2,,2,,,
2374,Brett Elizabeth Jenkins,1,,,,,1
2375,Kate Jenkins,1,,1,,,
2376,Marlin M. Jenkins,2,,,1,,1
2377,Paul Jenkins,1,,1,,,
2378,B. Fulton Jennes,1,,1,,,
2379,Dorine Jennette,2,,2,,,
2380,Janet Jennings,1,,1,,,
2381,Charles Jensen,1,,1,,,
2382,Katrine Øgaard Jensen,1,,,1,,
2383,Kaylee Young-Eun Jeong,1,,1,,,
2384,Kim Min Jeong,1,,,1,,
2385,Carrie Jerrell,1,,1,,,
2386,Tyehimba Jess,2,,,,1,1
2387,Ernest Jésùyẹmí,1,,,1,,
2388,Alyssa Jewell,1,,,1,,
2389,Sophie Jewett,1,,,,,1
2390,Yang Jian,1,,,1,,
2391,Chiagoziem Jideofor,1,,,1,,
2392,Rahma O. Jimoh,1,,,,,1
2393,Jzl Jmz,1,,,1,,
2394,Mikael Johani,1,,,1,,
2395,Aisha Sasha John,1,,,1,,
2396,David St. John,1,,1,,,
2397,Leslie St. John,1,,1,,,
2398,Wayne Johns,1,,1,,,
2399,Molly Johnsen,1,,,,,1
2400,Amaud Jamaul Johnson,4,,4,,,
2401,Betsy Johnson,2,,2,,,
2402,Couri Johnson,1,,1,,,
2403,Cyrée Jarelle Johnson,1,,,,,1
2404,Denis Johnson,2,,,1,,1
2405,Helene Johnson,2,,,,,2
2406,Jacqueline Johnson,2,,,,,2
2407,James Weldon Johnson,1,,,,,1
2408,Jenny Johnson,2,,1,,,1
2409,Jessica Johnson,3,,2,1,,
2410,Jill McCabe Johnson,1,,1,,,
2411,Jonathan Johnson,2,,2,,,
2412,Kimberly Johnson,11,,10,,,1
2413,L.A. Johnson,2,,1,,,1
2414,Linnea Johnson,1,,1,,,
2415,Luke Johnson,2,,1,1,,
2416,Marci Rae Johnson,1,,1,,,
2417,Meg Johnson,3,,3,,,
2418,Melissa C. Johnson,1,,1,,,
2419,Quinn Carver Johnson,1,,,,,1
2420,Roxane Beth Johnson,1,,,,,1
2421,Sara Eliza Johnson,4,,1,3,,
2422,Taylor Johnson,3,,,2,,1
2423,Vanessa Couto Johnson,1,,1,,,
2424,Emma Johnson-Rivard,1,,,1,,
2425,Devin Johnston,1,,,1,,
2426,Gordon Johnston,1,,1,,,
2427,Troy Jollimore,5,,3,1,1,
2428,Ashley M. Jones,5,,1,1,1,2
2429,Emma Jones,1,,1,,,
2430,Hettie Jones,1,,,,1,
2431,I.S. Jones,4,,1,1,2,
2432,Lois P. Jones,1,,1,,,
2433,Michal 'MJ' Jones,1,,,1,,
2434,Parneshia Jones,1,,1,,,
2435,Patricia Spears Jones,2,,,1,,1
2436,Richard Jones,2,,1,,1,
2437,Robert Hunter Jones,1,,1,,,
2438,Rodney Jones,1,,,1,,
2439,Saeed Jones,4,,1,,,3
2440,A. Van Jordan,4,,1,1,,2
2441,June Jordan,6,,,1,3,2
2442,Richard Jordan,1,,1,,,
2443,Allison Joseph,11,,10,,,1
2444,Jenny Joseph,1,,,,1,
2445,Kuhu Joshi,1,,,,1,
2446,Fady Joudah,9,,1,3,3,2
2447,"Mahmoud Darwish, translated Fady Joudah",1,,,,,1
2448,shalan joudry,1,,1,,,
2449,Anna Journey,4,,3,1,,
2450,Brendan Joyce,1,,,1,,
2451,James Joyce,13,13,,,,
2452,"Dennis Etzel, Jr.",1,,1,,,
2453,"Elizabeth T. Gray, Jr.",2,,1,1,,
2454,John Davis Jr.,1,,1,,,
2455,JS,1,,,,,1
2456,Kasey Jueds,1,,,1,,
2457,Lisa Julie,1,,1,,,
2458,Jennifer Juneau,1,,1,,,
2459,Jack Saebyok Jung,2,,,2,,
2460,Andrea Jurjević,3,,2,1,,
2461,Adil Jussawalla,1,,,1,,
2462,A. M. Juster,2,,1,1,,
2463,Donald Justice,1,,,,1,
2464,Thomas Kabdebo,1,,1,,,
2465,Judy Kaber,1,,,,,1
2466,Mandy Kahn,1,,1,,,
2467,Margot Kahn,1,,,,,1
2468,Peter Kahn,1,,,,,1
2469,George Kalamaras,3,,3,,,
2470,Adrianne Kalfopoulou,2,,2,,,
2471,Subhashini Kaligotla,1,,1,,,
2472,George Kalogeris,4,,1,1,,2
2473,Josh Kalscheur,2,,2,,,
2474,Sayumi Kamakura,1,,,1,,
2475,Yalie Saweda Kamara,5,,,2,,3
2476,Shilpa Kamat,1,,1,,,
2477,Anna Kamieńska,1,,,,1,
2478,Ilya Kaminsky,3,,,1,,2
2479,Alexandra van de Kamp,4,,4,,,
2480,Courtney Kampa,1,,1,,,
2481,Stephen Kampa,1,,1,,,
2482,Andrew Edmund Kane,1,,1,,,
2483,Joan Naviyuk Kane,6,,2,3,,1
2484,Thomas Kane,1,,1,,,
2485,Amorak Huey & W. Todd Kaneko,1,,,1,,
2486,W. Todd Kaneko,5,,1,1,,3
2487,Byron A. Kanoti,1,,1,,,
2488,Perla Kantarjian,1,,1,,,
2489,Bhanu Kapil,3,,,2,1,
2490,Dan Kaplan,4,,4,,,
2491,Genevieve Kaplan,1,,1,,,
2492,Janet Kaplan,1,,1,,,
2493,Kirun Kapur,3,,2,,,1
2494,Holly Karapetkova,2,,2,,,
2495,Mona Kareem,1,,,1,,
2496,Jen Karetnick,5,,5,,,
2497,Russell Karrick,1,,1,,,
2498,Ariana-Sophia Kartsonis,2,,2,,,
2499,Cynthia Arrieu-King & Ariana-Sophia Kartsonis,1,,1,,,
2500,Kirsten Kaschock,2,,1,1,,
2501,Julia Kasdorf,2,,,,1,1
2502,Laura Kasischke,5,,3,,,2
2503,Nancy Kassell,1,,1,,,
2504,Elina Katrin,2,,1,1,,
2505,Joy Katz,2,,2,,,
2506,Judy Katz,1,,1,,,
2507,Sarah Katz,1,,,1,,
2508,Ellen Kaufman,1,,1,,,
2509,Aby Kaupang,1,,,1,,
2510,Patrick Kavanagh,1,,,1,,
2511,Jackie Kay,1,,,,,1
2512,Sarah Kay,2,,,,,2
2513,Arthur Kayzakian,1,,,1,,
2514,Julia Wong Kcomt,1,,,1,,
2515,Erin Keane,1,,1,,,
2516,Douglas Kearney,2,,1,1,,
2517,Meg Kearney,1,,1,,,
2518,John Keats,6,5,,1,,
2519,Mihret Kebede,1,,,1,,
2520,Colm Keegan,1,,1,,,
2521,Claudia Keelan,1,,1,,,
2522,Deborah Keenan,1,,1,,,
2523,Michael Keenan,2,,2,,,
2524,John Keene,3,,,2,,1
2525,LuAnn Keener-Mikenas,1,,1,,,
2526,Scott Keeney,2,,2,,,
2527,Jayson Keery,1,,1,,,
2528,Gina Keicher,1,,1,,,
2529,Paol Keineg,1,,,1,,
2530,Sally Keith,1,,1,,,
2531,George Keithley,2,,2,,,
2532,Garret Keizer,1,,1,,,
2533,Charles Kell,2,,1,1,,
2534,Jordan Keller-Martinez,1,,,1,,
2535,Collin Kelley,2,,2,,,
2536,Tina Kelley,3,,3,,,
2537,Brigit Pegeen Kelly,4,,,1,1,2
2538,Devin Kelly,2,,,,1,1
2539,Donika Kelly,9,,1,3,,5
2540,Kristin Kelly,1,,1,,,
2541,Lisa Kelly,1,,,1,,
2542,Timothy Kelly,2,,2,,,
2543,Victoria Kelly,1,,1,,,
2544,Susan Kelly-DeWitt,2,,2,,,
2545,Christopher Kempf,3,,2,1,,
2546,Leatha Kendrick,1,,1,,,
2547,Robert Lee Kendrick,1,,1,,,
2548,Christopher Kennedy,2,,2,,,
2549,Mickie Kennedy,1,,,1,,
2550,Sarah Kennedy,1,,1,,,
2551,Terry L. Kennedy,4,,4,,,
2552,Philip Kenner,1,,1,,,
2553,Adele Kenny,3,,3,,,
2554,Rolly Kent,1,,1,,,
2555,Jane Kenyon,8,,,1,3,4
2556,David Keplinger,6,,3,3,,
2557,Saba Keramati,1,,,,,1
2558,Jesse Lee Kercheval,1,,1,,,
2559,Sarah Kersey,1,,,1,,
2560,Birhan Keskin,1,,,1,,
2561,Russ Kesler,1,,1,,,
2562,Trevor Ketner,1,,,1,,
2563,Charity Ketz,1,,,1,,
2564,Karen Kevorkian,3,,3,,,
2565,Amy Key,1,,1,,,
2566,Ashley Keyser,1,,1,,,
2567,Reeves Keyworth,1,,1,,,
2568,Jahan Khajavi,1,,,1,,
2569,Daniel Khalastchi,3,,1,2,,
2570,Jazra Khaleed,1,,,1,,
2571,Jasmine Khaliq,4,,2,,,2
2572,Vandana Khanna,3,,1,,,2
2573,Lyudmyla Khersonsky,1,,,1,,
2574,Karla Myn Khine,1,,1,,,
2575,Maya Khosla,1,,1,,,
2576,Jill Khoury,1,,1,,,
2577,Vénus Khoury-Ghata,1,,,1,,
2578,Stacy Kidd,2,,2,,,
2579,Shuri Kido,2,,,2,,
2580,Abbie Kiefer,1,,1,,,
2581,Arkaye Kierulf,5,,,,5,
2582,Dore Kiesselbach,3,,3,,,
2583,Brandon Kilbourne,2,,,1,,1
2584,Athena Kildegaard,6,,5,1,,
2585,Gillian Kiley,1,,1,,,
2586,Paul Killebrew,2,,1,1,,
2587,Kevin Killian,1,,,1,,
2588,Sam Killmeyer,1,,,,,1
2589,Annie Kim,1,,,,,1
2590,Eddie Kim,2,,,,,2
2591,Elane Kim,2,,,,1,1
2592,Joey S. Kim,1,,1,,,
2593,Megan Kim,1,,,1,,
2594,Mihee Kim,1,,,,,1
2595,Suji Kwock Kim,3,,,1,,2
2596,Gregory Kimbrell,1,,1,,,
2597,Burt Kimmelman,1,,1,,,
2598,Sally Rosen Kindred,2,,2,,,
2599,Amy King,2,,2,,,
2600,Bill King,1,,,1,,
2601,Cindy King,4,,3,,,1
2602,R. D. King,2,,1,1,,
2603,Willie James King,1,,1,,,
2604,Benjamin Naka-Hasebe Kingsley,3,,2,1,,
2605,Paul Kingsnorth,1,,1,,,
2606,Barbara Kingsolver,2,,,,,2
2607,Galway Kinnell,2,,,,2,
2608,John Kinsella,7,,7,,,
2609,Rudyard Kipling,2,2,,,,
2610,David Kirby,6,,5,1,,
2611,Stefanie Kirby,2,,,2,,
2612,Carla Kirchner,1,,1,,,
2613,Brian Kirk,1,,1,,,
2614,Kathryn Kirkpatrick,2,,2,,,
2615,Patricia Kirkpatrick,1,,,,,1
2616,Heather Kirn,1,,1,,,
2617,Judith Kiros,1,,,1,,
2618,Adam Kirsch,1,,1,,,
2619,Mark Kirschen,1,,,,1,
2620,Christine Kitano,3,,1,,,2
2621,Tony Kitt,1,,,1,,
2622,Sophie Klahr,3,,1,,1,1
2623,L. S. Klatt,4,,4,,,
2624,Becca Klaver,4,,4,,,
2625,Michael Kleber-Diggs,3,,,1,,2
2626,Amelia Klein,1,,1,,,
2627,Frances Klein,1,,1,,,
2628,Michael Klein,1,,,,,1
2629,Phyllis Klein,1,,1,,,
2630,Irena Klepfisz,1,,,1,,
2631,Avram Kline,1,,1,,,
2632,Peter Kline,3,,3,,,
2633,Tyler Kline,1,,,1,,
2634,Joanna Klink,4,,2,1,,1
2635,Loretta Collins Klobah,1,,,,,1
2636,William Kloefkorn,1,,1,,,
2637,Logan Klutse,1,,,1,,
2638,Caroline Knapp,1,,1,,,
2639,Elizabeth Knapp,2,,2,,,
2640,Carol Stevens Kner,1,,1,,,
2641,Marija Knežević,1,,,1,,
2642,Hester Knibbe,1,,,1,,
2643,Etheridge Knight,2,,,,1,1
2644,Lynne Knight,6,,6,,,
2645,Christian Knoeller,1,,1,,,
2646,Tricia Knoll,1,,1,,,
2647,Alyse Knorr,4,,3,1,,
2648,Bill Knott,5,,1,1,3,
2649,Caroline Knox,1,,1,,,
2650,Jennifer L. Knox,3,,2,,,1
2651,Arah Ko,2,,,,1,1
2652,Kenneth Koch,1,,,,1,
2653,Ruth Ellen Kocher,2,,1,,,1
2654,Noelle Kocot,6,,4,1,1,
2655,David Koehn,1,,1,,,
2656,Ron Koertge,3,,3,,,
2657,Ronald Koertge,1,,1,,,
2658,John Koethe,2,,1,1,,
2659,Julia Koets,3,,3,,,
2660,E. J. Koh,2,,1,,1,
2661,Jee Leong Koh,1,,,1,,
2662,Sandra Kohler,3,,3,,,
2663,Deborah Kahan Kolb,1,,1,,,
2664,Laura Kolbe,1,,,1,,
2665,Julia Kolchinsky,2,,,1,,1
2666,Elizabeth Kolenda,1,,,1,,
2667,Ono no Komachi,1,,,,1,
2668,Ellen Kombiyil,1,,1,,,
2669,Yusef Komunyakaa,4,,1,1,1,1
2670,Mary A. Koncel,1,,1,,,
2671,Virginia Konchan,4,,4,,,
2672,Christopher Kondrich,3,,3,,,
2673,Jessica de Koninck,2,,2,,,
2674,Jason Koo,2,,2,,,
2675,Hyejung Kook,1,,1,,,
2676,Ted Kooser,6,,2,1,2,1
2677,Kateri Kosek,1,,1,,,
2678,Dana Koster,1,,1,,,
2679,Miriam Kotzin,1,,1,,,
2680,Karen Kovacik,1,,1,,,
2681,Shane Kowalski,1,,,1,,
2682,Mackenzie Kozak,1,,1,,,
2683,Andrew Kozma,1,,1,,,
2684,Arno Kramer,1,,1,,,
2685,Ashley Seitz Kramer,1,,1,,,
2686,Jaye Kranz,1,,1,,,
2687,Brandon Kreitler,2,,2,,,
2688,Leonard Kress,3,,3,,,
2689,Brandon Krieg,2,,2,,,
2690,Jack Kristiansen,1,,1,,,
2691,Richard Krohn,1,,1,,,
2692,Aaron Krol,1,,1,,,
2693,Judy Kronenfeld,1,,1,,,
2694,Lisa C. Krueger,2,,1,,,1
2695,Kimberly Kruge,1,,1,,,
2696,Peter Krumbach,1,,1,,,
2697,David Krump,1,,1,,,
2698,Benjamin Krusling,1,,,1,,
2699,Robert Krut,2,,1,1,,
2700,Nancy Krygowski,2,,1,,,1
2701,Christy Ku,1,,1,,,
2702,Debora Kuan,1,,1,,,
2703,Noah Kucij,1,,1,,,
2704,Donovan Kūhiō,1,,,,,1
2705,Nancy Kuhl,1,,,1,,
2706,Keetje Kuipers,6,,3,,,3
2707,Urvi Kumbhat,1,,,,,1
2708,Maxine Kumin,2,,2,,,
2709,Zaffar Kunial,2,,,,,2
2710,Stanley Kunitz,2,,,,2,
2711,Marianne Kunkel,1,,1,,,
2712,Edgar Kunz,4,,,1,,3
2713,Jaimee Kuperman,1,,1,,,
2714,Petra Kuppers,1,,,1,,
2715,Carolene Kurien,1,,1,,,
2716,Laurie Kutchins,1,,1,,,
2717,David Kutz-Marks,2,,2,,,
2718,Stephen Kuusisto,3,,2,1,,
2719,Melissa Kwasny,5,,4,1,,
2720,Christine Kwon,2,,,,,2
2721,Abdellatif Laâbi,1,,,,1,
2722,Peter LaBerge,2,,1,1,,
2723,Anthony Lacavaro,1,,1,,,
2724,Justin Lacour,1,,,,1,
2725,Matthew Ladd,1,,1,,,
2726,Jane Rosenberg LaForge,1,,1,,,
2727,Jennifer G. Lai,1,,,,,1
2728,Maria Laina,2,,,2,,
2729,R. D. Laing,1,,,,1,
2730,Nick Laird,2,,,,,2
2731,Virginie Lalucq,1,,,1,,
2732,Danusha Laméris,6,,,2,1,3
2733,Jacqueline Jones LaMon,1,,,1,,
2734,Laurie Lamon,1,,1,,,
2735,Lori Lamothe,3,,3,,,
2736,Sade LaNay,1,,1,,,
2737,Deborah Landau,6,,1,1,1,3
2738,Susan Landgraf,1,,1,,,
2739,Corey Van Landingham,7,,2,3,,2
2740,K. T. Landon,1,,1,,,
2741,Letitia Elizabeth Landon,1,,,,,1
2742,Benjamin Landry,1,,,1,,
2743,Rosa Lane,1,,1,,,
2744,Susanna Lang,3,,2,,,1
2745,Steve Langan,1,,1,,,
2746,Elizabeth Langemak,2,,2,,,
2747,R.F. Langley,1,,,1,,
2748,Krystal Languell,3,,3,,,
2749,Heather Kirn Lanier,2,,2,,,
2750,Sasha taqʷšəblu LaPointe,1,,,1,,
2751,Hiram Larew,1,,1,,,
2752,Philip Larkin,8,,,,8,
2753,Tanya Larkin,3,,3,,,
2754,Jeanne Larsen,2,,2,,,
2755,Lance Larsen,2,,1,1,,
2756,Rustin Larson,10,,10,,,
2757,Dorothea Lasky,6,,3,1,1,1
2758,Quinn Latimer,1,,1,,,
2759,Brett Fletcher Lauer,1,,1,,,
2760,A. D. Lauren-Abunassar,2,,,1,,1
2761,Rickey Laurentiis,2,,,1,,1
2762,Ann Lauterbach,3,,2,,,1
2763,Dorianne Laux,12,,3,,6,3
2764,Michael Lavers,1,,1,,,
2765,Daniel Lawless,3,,3,,,
2766,Gregory Lawless,2,,2,,,
2767,D.H. Lawrence,7,6,,,,1
2768,JonArno Lawson,1,,,,,1
2769,Len Lawson,1,,1,,,
2770,Michael T. Lawson,1,,,,1,
2771,Shayla Lawson,2,,2,,,
2772,Shayla Lawz,1,,,,,1
2773,Jenna Le,4,,3,,1,
2774,Sydney Lea,3,,3,,,
2775,Yvonne Higgins Leach,1,,1,,,
2776,Mary Leader,1,,1,,,
2777,Anna Leahy,1,,1,,,
2778,Angelina Leaños,1,,,1,,
2779,Susan L. Leary,2,,2,,,
2780,Joseph Lease,1,,1,,,
2781,Stacie Leatherman,1,,1,,,
2782,Małgorzata Lebda,1,,,1,,
2783,Courtney LeBlanc,1,,,1,,
2784,Jean LeBlanc,1,,1,,,
2785,Bianca Lech,1,,1,,,
2786,Katy Lederer,4,,1,1,2,
2787,Ae Hee Lee,2,,,1,1,
2788,David Dodd Lee,10,,10,,,
2789,Donna J. Gelagotis Lee,1,,1,,,
2790,Ed Bok Lee,1,,,,,1
2791,Esther Lee,3,,2,1,,
2792,Jessi Lee,1,,1,,,
2793,John Robert Lee,1,,,1,,
2794,Karen An-Hwei Lee,7,,5,1,,1
2795,Li-Young Lee,12,,,1,9,2
2796,Joseph O. Legaspi,1,,,,,1
2797,Sylvia Legris,1,,,1,,
2798,David Lehman,3,,2,,,1
2799,Katie Lehman,1,,1,,,
2800,Rebecca Lehmann,7,,5,1,,1
2801,Christian Lehnert,1,,,1,,
2802,Yi Lei,3,,,2,,1
2803,Mark Leidner,2,,1,1,,
2804,Eric Leigh,1,,1,,,
2805,Eugenia Leigh,3,,,,2,1
2806,Angela Leighton,1,,,1,,
2807,Hailey Leithauser,4,,4,,,
2808,Amy Lemmon,1,,,,,1
2809,Alex Lemon,4,,3,,,1
2810,Gary Lemons,1,,1,,,
2811,Joseph Lennon,1,,1,,,
2812,Lester Graves Lennon,1,,,,,1
2813,Kelly Lenox,1,,,1,,
2814,Stephanie Lenox,1,,1,,,
2815,Genine Lentine,1,,1,,,
2816,Teresa Leo,2,,2,,,
2817,Ulalume González de León,3,,,3,,
2818,Keith Leonard,4,,1,1,,2
2819,Rodney Terich Leonard,2,,,1,,1
2820,Michael Leong,1,,1,,,
2821,Karen Lepri,1,,1,,,
2822,Eleanor Lerman,2,,2,,,
2823,Ben Lerner,2,,1,1,,
2824,Linda Lerner,2,,2,,,
2825,Peter Cook and Kenny Lerner,1,,,1,,
2826,Shara Lessley,4,,2,1,,1
2827,William Letford,1,,,1,,
2828,Henry Wei Leung,1,,1,,,
2829,Donald Levering,2,,2,,,
2830,Denise Levertov,4,,,1,3,
2831,Dana Levin,5,,2,,,3
2832,Harriet Levin,1,,1,,,
2833,Lynn Levin,3,,3,,,
2834,Phillis Levin,3,,2,,,1
2835,Stephanie Levin,1,,1,,,
2836,Jeffrey Levine,1,,1,,,
2837,Julia B. Levine,1,,1,,,
2838,Mark Levine,2,,1,1,,
2839,Miriam Levine,1,,1,,,
2840,Philip Levine,8,,1,1,2,4
2841,Jen Levitt,2,,,1,,1
2842,Rich Levy,1,,1,,,
2843,Robert J. Levy,1,,1,,,
2844,erica lewis,2,,,,,2
2845,Eva Lewis,1,,1,,,
2846,J. Patrick Lewis,1,,1,,,
2847,Lisa Lewis,5,,5,,,
2848,Michelle Lewis,1,,1,,,
2849,Paige Lewis,2,,,,1,1
2850,Robin Coste Lewis,2,,,,1,1
2851,Susan Lewis,1,,1,,,
2852,Jane Lewty,2,,2,,,
2853,Steven Leyva,1,,,1,,
2854,Dong Li,1,,,1,,
2855,Xiaoly Li,2,,2,,,
2856,Alice Liang,1,,,,,1
2857,Ibe Liebenberg,2,,1,1,,
2858,t. liem,3,,,1,,2
2859,Carol Light,1,,1,,,
2860,Kate Light,6,,1,,5,
2861,Annie Lighthart,1,,1,,,
2862,Jennifer Lighty,1,,1,,,
2863,Kabel Mishka Ligot,1,,,,,1
2864,Ye Lijun,1,,,1,,
2865,Gary Copeland Lilley,1,,1,,,
2866,Bliss Cua Lim,2,,,,2,
2867,Kate Lim,1,,1,,,
2868,Kathryne Lim,1,,1,,,
2869,Sandra Lim,5,,2,1,2,
2870,Shirley Geok-lin Lim,1,,,,,1
2871,Ananda Lima,1,,,1,,
2872,Joanne Limburg,1,,1,,,
2873,Ada Limón,12,,3,,6,3
2874,by Ada Limón,1,,,,1,
2875,Esther Lin,1,,,1,,
2876,Michelle Lin,1,,,,,1
2877,Willie Lin,3,,1,1,,1
2878,Rebecca Lindenberg,2,,,,,2
2879,April Lindner,2,,2,,,
2880,Frannie Lindsay,2,,2,,,
2881,Nina Lindsay,1,,1,,,
2882,David Linebarger,1,,1,,,
2883,Belle Ling,1,,,1,,
2884,Jenny Liou,1,,,1,,
2885,Daniel Lipara,1,,,1,,
2886,Matthew Lippman,2,,1,,,1
2887,Ewa Lipska,1,,,1,,
2888,Paul Lisicky,2,,2,,,
2889,Zefyr Lisowski,2,,2,,,
2890,S.J. Litherland,1,,1,,,
2891,Martina Litty,1,,,1,,
2892,Anni Liu,1,,,1,,
2893,Timothy Liu,2,,1,,,1
2894,David Livewell,1,,1,,,
2895,Eros Livieratos,1,,1,,,
2896,Janiru Liyanage,1,,,,,1
2897,Karen Llagas,2,,1,,,1
2898,Luljeta Lleshanaku,1,,,,,1
2899,Cecilia Llompart,2,,2,,,
2900,Fran Lock,1,,1,,,
2901,Ian U Lockaby,3,,,3,,
2902,Christopher Locke,2,,2,,,
2903,Duane Locke,2,,2,,,
2904,Mariama J. Lockington,1,,,,,1
2905,Tim Lockridge,2,,2,,,
2906,Diane Lockward,4,,3,,1,
2907,Patricia Lockwood,1,,1,,,
2908,Theresa Lola,1,,,,,1
2909,Anthony Thomas Lombardi,1,,1,,,
2910,Alexander Long,1,,1,,,
2911,Nancy Chen Long,3,,3,,,
2912,Priscilla Long,1,,1,,,
2913,Rachel Long,2,,,,,2
2914,James Longenbach,4,,,4,,
2915,Sandy Longhorn,2,,2,,,
2916,Michael Longley,1,,,1,,
2917,Marilyn Longstaff,1,,1,,,
2918,Lynn Lonidier,1,,,1,,
2919,dawn lonsinger,5,,5,,,
2920,George Looney,3,,3,,,
2921,Antonio de Jesús López,3,,,1,,2
2922,Chloë Joan López,1,,1,,,
2923,J. Estanislao Lopez,5,,,2,,3
2924,Kyle Carrero Lopez,1,,,,,1
2925,Pura López-Colomé,1,,,,,1
2926,Luis Lopez-Maldonado,1,,1,,,
2927,Federico García Lorca,3,,,1,,2
2928,Dave Lordan,1,,1,,,
2929,Audre Lorde,1,,,,1,
2930,Johnny Lorenz,1,,,,,1
2931,Éireann Lorsung,3,,2,1,,
2932,Jack e Lorts,1,,1,,,
2933,Marjorie Lotfi,1,,,1,,
2934,Angie Sijun Lou,2,,,,1,1
2935,Rebecca Loudon,1,,1,,,
2936,Cameron Quan Louie,1,,,1,,
2937,Bojan Louis,1,,1,,,
2938,Nabila Lovelace,1,,1,,,
2939,Jane Lovell,1,,,1,,
2940,Denton Loving,1,,1,,,
2941,Denise Low,1,,1,,,
2942,Lisa Low,2,,1,,,1
2943,Bridget Lowe,2,,1,1,,
2944,Hannah Lowe,2,,,,,2
2945,Janice A. Lowe,1,,1,,,
2946,Paula C. Lowe,1,,1,,,
2947,Robert Lowell,2,1,,,,1
2948,Emily Lee Luan,2,,,2,,
2949,Alejandro Lucero,1,,1,,,
2950,Lucretius,1,,1,,,
2951,Raymond Luczak,1,,1,,,
2952,Susan Ludvigson,1,,1,,,
2953,Marni Ludwig,1,,1,,,
2954,Kristin Lueke,2,,1,,1,
2955,Diana Lueptow,1,,1,,,
2956,Mike Luke,2,,2,,,
2957,Maja Lukic,1,,,,,1
2958,Suzanne Lummis,1,,,,,1
2959,Roddy Lumsden,3,,3,,,
2960,Claudia Castro Luna,1,,1,,,
2961,Sheryl Luna,1,,,,,1
2962,Robert Lunday,1,,1,,,
2963,Dorothy Lune,1,,1,,,
2964,Augusto Lunel,1,,,1,,
2965,Adrian Lürssen,1,,,1,,
2966,Lindsay Lusby,1,,1,,,
2967,Glenna Luschei,1,,1,,,
2968,Tariq Luthun,1,,,,,1
2969,"Kateryna Kalytko, translated from the Ukrainian by Olena Jennings and Oksana Lutsyshyna",1,,,,,1
2970,Brian Lutz,2,,2,,,
2971,Thomas Lux,2,,1,,1,
2972,Alessandra Lynch,2,,2,,,
2973,Erin Marie Lynch,4,,,2,,2
2974,Kathleen Lynch,1,,1,,,
2975,Robert Wood Lynn,5,,3,2,,
2976,Eamonn Lynskey,1,,1,,,
2977,Jacqueline Lyons,2,,2,,,
2978,M. L. Lyons,1,,1,,,
2979,Richard Lyons,2,,2,,,
2980,Javier Peñalosa M.,1,,,1,,
2981,Hosam Maarouf,1,,,,1,
2982,Anne Marie Macari,2,,1,1,,
2983,Jami Macarty,2,,1,1,,
2984,Laurie J MacDiarmid,1,,1,,,
2985,Rob MacDonald,1,,1,,,
2986,Gwendolyn MacEwen,1,,,,1,
2987,Aditi Machado,2,,,2,,
2988,Mairi MacInnes,1,,1,,,
2989,Jennifer MacKenzie,1,,1,,,
2990,Margaret Mackinnon,1,,1,,,
2991,Amy MacLennan,2,,2,,,
2992,Louis MacNeice,2,,,,1,1
2993,Angie Macri,7,,7,,,
2994,Billi MacTighe,1,,1,,,
2995,Ed Madden,1,,1,,,
2996,Marjorie Maddox,5,,5,,,
2997,Mary Madec,1,,1,,,
2998,Haki R. Madhubuti,1,,,,,1
2999,Ruth Madievsky,1,,1,,,
3000,Tamara Madison,1,,1,,,
3001,Michael David Madonick,1,,1,,,
3002,y madrone,3,,3,,,
3003,Nikola Madzirov,1,,1,,,
3004,Michael Magee,3,,3,,,
3005,Al Maginnes,5,,5,,,
3006,Moira Magneson,1,,1,,,
3007,Busisiwe Mahlangu,1,,,,,1
3008,Gregory Mahrer,1,,1,,,
3009,Nguyễn Phan Quế Mai,1,,,1,,
3010,Circe Maia,1,,,,,1
3011,Jennifer Maier,2,,1,,,1
3012,Mark Maire,1,,1,,,
3013,Maitreyabandhu,1,,,1,,
3014,Jidi Majia,1,,,1,,
3015,Amit Majmudar,1,,1,,,
3016,Clarence Major,2,,,,,2
3017,Heather Maki,1,,1,,,
3018,Oksana Maksymchuk,7,,5,2,,
3019,Peter Makuck,1,,1,,,
3020,Gerard Malanga,1,,1,,,
3021,Shikha Malaviya,1,,1,,,
3022,Jennie Malboeuf,3,,2,1,,
3023,Ricardo Alberto Maldonado,1,,,1,,
3024,Dora Malech,6,,5,,,1
3025,Mia Ayumi Malhotra,1,,,1,,
3026,Anna Malihon,1,,,1,,
3027,Laila Malik,1,,,1,,
3028,Stephen Malin,3,,3,,,
3029,M. Malmîsanij,1,,,1,,
3030,Afrizal Malna,1,,,1,,
3031,Erin Malone,5,,5,,,
3032,Jessica Manack,1,,1,,,
3033,Angela Manalang-Gloria,12,,,,12,
3034,Franca Mancinelli,2,,2,,,
3035,Charlotte Mandel,1,,1,,,
3036,Osip Mandelstam,1,,,1,,
3037,Sequoia Maner,1,,,1,,
3038,Sarah Manguso,3,,,1,,2
3039,Jamie Manias,1,,,1,,
3040,Cynthia Manick,1,,1,,,
3041,Nathan Manley,1,,1,,,
3042,John Mann,1,,1,,,
3043,Randall Mann,6,,4,1,,1
3044,Rachel Mannheimer,1,,,1,,
3045,Dawn Manning,3,,3,,,
3046,Katie Manning,2,,2,,,
3047,Maurice Manning,6,,3,1,,2
3048,Caroline Manring,2,,2,,,
3049,Katherine Mansfield,1,,,,,1
3050,Joyce Mansour,3,,1,2,,
3051,Olumide Manuel,1,,,1,,
3052,Sally Wen Mao,4,,2,1,,1
3053,Caroline M. Mar,1,,,1,,
3054,Salgado Maranhão,2,,,2,,
3055,Michael O. Marberry,1,,1,,,
3056,Djelloul Marbrook,4,,4,,,
3057,Char March,1,,,,1,
3058,Thomas March,1,,1,,,
3059,Carl Marcum,1,,1,,,
3060,Jacqueline Marcus,3,,3,,,
3061,Morton Marcus,1,,1,,,
3062,Gary Margolis,1,,,,,1
3063,Clint Margrave,4,,4,,,
3064,Annie Marhefka,1,,,,,1
3065,Aurielle Marie,2,,,1,,1
3066,Ivy Marie,1,,1,,,
3067,Michael Mark,2,,2,,,
3068,Malinda Markham,1,,1,,,
3069,Donald Markos,1,,1,,,
3070,Corey Marks,5,,2,2,,1
3071,Gigi Marks,3,,3,,,
3072,Justin Marks,3,,1,,,2
3073,Debra Marquart,1,,,,,1
3074,Gretchen Marquette,2,,1,,,1
3075,Francisco Márquez,2,,,,,2
3076,Valeria Román Marroquín,2,,,2,,
3077,Christine Marshall,1,,1,,,
3078,J. W. Marshall,2,,2,,,
3079,Maya Marshall,2,,,1,,1
3080,Nate Marshall,1,,,,,1
3081,Etienne Marsolet,1,,,1,,
3082,Melania Luisa Marte,2,,,,,2
3083,Jennifer Martelli,4,,4,,,
3084,Dawn Lundy Martin,6,,,1,,5
3085,Diane Kirsten Martin,2,,2,,,
3086,Gail Martin,3,,2,1,,
3087,Hugh Martin,2,,2,,,
3088,John Martin,1,,1,,,
3089,Jynne Dilling Martin,1,,1,,,
3090,Chloe Martinez,3,,,1,,2
3091,David Tomas Martinez,1,,1,,,
3092,J. Michael Martinez,3,,1,1,,1
3093,Eduardo Martínez-Leyva,2,,,1,,1
3094,Gessica Sakamoto Martini,1,,1,,,
3095,Cate Marvin,4,,2,1,,1
3096,Katie Marya,2,,,1,,1
3097,Beth Marzoni,1,,1,,,
3098,Monica Berlin & Beth Marzoni,1,,1,,,
3099,Siwar Masannat,1,,1,,,
3100,Roy Mash,1,,1,,,
3101,Donna Masini,1,,,,,1
3102,David Mason,1,,1,,,
3103,Joseph Massey,1,,1,,,
3104,Stephen Massimilla,6,,6,,,
3105,Edgar Lee Masters,20,20,,,,
3106,Adrian Matejka,3,,,2,,1
3107,Louise Mathias,2,,2,,,
3108,Irène Mathieu,1,,,,1,
3109,Cleopatra Mathis,1,,,1,,
3110,Khaled Mattawa,2,,1,1,,
3111,Sarah Matthes,1,,,1,,
3112,Airea D. Matthews,3,,,1,,2
3113,Christopher Matthews,2,,2,,,
3114,Clay Matthews,2,,2,,,
3115,William Matthews,1,,1,,,
3116,Chris Mattingly,1,,1,,,
3117,Farid Matuk,1,,,1,,
3118,Michelle Matz,1,,1,,,
3119,Matt Mauch,2,,2,,,
3120,Jonathan Maule,1,,,,,1
3121,Caroline Maun,1,,1,,,
3122,Richard Maxson,1,,,,,1
3123,Glyn Maxwell,1,,,,,1
3124,Kristi Maxwell,3,,3,,,
3125,Jamaal May,4,,1,,1,2
3126,James Davis May,7,,5,1,,1
3127,Wong May,1,,,1,,
3128,Bernadette Mayer,4,,,2,1,1
3129,Michaela Mayer,1,,,1,,
3130,Edward Mayes,1,,1,,,
3131,Sydney Mayes,1,,1,,,
3132,Micheline Maylor,2,,2,,,
3133,Tim Mayo,1,,1,,,
3134,Friederike Mayröcker,1,,,1,,
3135,Trapeta B. Mayson,2,,,,,2
3136,Donovan McAbee,1,,,,,1
3137,Jett McAlister,1,,1,,,
3138,Victoria McArtor,1,,1,,,
3139,Brendan McBreen,1,,1,,,
3140,Joan McBreen,1,,1,,,
3141,Amber McBride,1,,,1,,
3142,Timothy McBride,1,,1,,,
3143,Melanie McCabe,4,,4,,,
3144,Susan McCabe,1,,1,,,
3145,Kerrin McCadden,2,,1,,,1
3146,Shara McCallum,2,,1,1,,
3147,Amy McCann,1,,1,,,
3148,Janet Lacey McCann,2,,2,,,
3149,Alysse Kathleen McCanna,3,,3,,,
3150,John McCarthy,1,,,,,1
3151,Michael McCarthy,1,,1,,,
3152,Thomas McCarthy,1,,1,,,
3153,Todd McCarty,1,,1,,,
3154,Jennifer Maritza McCauley,1,,1,,,
3155,Nathan McClain,4,,1,1,,2
3156,Jen McClanaghan,1,,1,,,
3157,Kathleen McClung,1,,1,,,
3158,Meghan McClure,1,,1,,,
3159,Aaron McCollough,5,,3,2,,
3160,Davis McCombs,1,,1,,,
3161,Marty McConnell,4,,4,,,
3162,Kyle McCord,4,,4,,,
3163,Clint McCown,3,,3,,,
3164,Erin L. McCoy,1,,,1,,
3165,Shane McCrae,9,,5,3,,1
3166,Chris McCreary,1,,1,,,
3167,Laura McCullough,3,,3,,,
3168,Jeffrey McDaniel,7,,1,,5,1
3169,Raymond McDaniel,2,,2,,,
3170,Beth McDermott,1,,1,,,
3171,Sharon Fagan McDermott,1,,1,,,
3172,Anne Haven McDonnell,1,,1,,,
3173,Jill McDonough,5,,,,,5
3174,Jo McDougall,1,,1,,,
3175,Gary McDowell,6,,6,,,
3176,Colleen J. McElroy,1,,1,,,
3177,Andrew McFadyen-Ketchum,1,,,,,1
3178,Gardner McFall,1,,1,,,
3179,Michael McFee,2,,2,,,
3180,Cameron McGill,1,,,1,,
3181,Karyna McGlynn,4,,3,1,,
3182,Michelle McGrane,1,,1,,,
3183,Campbell McGrath,5,,3,1,,1
3184,Michael McGriff,3,,2,1,,
3185,Medbh McGuckian,4,,3,1,,
3186,Eric McHenry,1,,1,,,
3187,Ashley Anna McHugh,1,,1,,,
3188,Heather McHugh,2,,1,,,1
3189,Becka McKay,1,,1,,,
3190,Claude McKay,2,,,,,2
3191,Freesia McKee,2,,,,,2
3192,Laura McKee,1,,1,,,
3193,Marc McKee,6,,6,,,
3194,Stephanie McKenzie,1,,1,,,
3195,Rachel McKibbens,5,,1,,1,3
3196,Joshua McKinney,4,,4,,,
3197,Sarah McKinstry-Brown,1,,1,,,
3198,Nicholas McLachlan,1,,1,,,
3199,Maureen N. McLane,3,,,2,,1
3200,Michael McLane,2,,1,1,,
3201,Rose McLarney,6,,2,2,,2
3202,M.B. McLatchey,1,,1,,,
3203,Damon McLaughlin,1,,1,,,
3204,Owen McLeod,2,,2,,,
3205,Mark McMorris,1,,1,,,
3206,Sheila McMullin,1,,1,,,
3207,Elizabeth McMunn-Tetangco,1,,,,,1
3208,Wesley McNair,2,,2,,,
3209,Robert Aquinas McNally,1,,1,,,
3210,Robert McNamara,1,,1,,,
3211,Sandra McPherson,2,,1,1,,
3212,Kate McQuade,1,,1,,,
3213,Kelly McQuain,1,,1,,,
3214,Claire McQuerry,1,,,1,,
3215,Nick McRae,1,,1,,,
3216,Joyelle McSweeney,3,,,3,,
3217,Gail Waldstein M.D.,1,,1,,,
3218,Jane Mead,3,,,,2,1
3219,Lucien Darjeun Meadows,1,,,1,,
3220,Silvina López Medin,1,,,1,,
3221,Sarah María Medina,1,,,,,1
3222,Zachary Medlin,1,,1,,,
3223,Paula Meehan,2,,1,1,,
3224,Anna George Meek,1,,1,,,
3225,Sandra Meek,3,,3,,,
3226,Mariam Meetra,1,,,1,,
3227,James Meetze,1,,1,,,
3228,Momtaza Mehri,1,,,,1,
3229,Diane Mehta,1,,,,,1
3230,Lo Kwa Mei-en,4,,3,,,1
3231,Caits Meissner,1,,1,,,
3232,Anna Meister,1,,1,,,
3233,Erika Meitner,12,,10,,,2
3234,Lynn Melnick,3,,1,1,,1
3235,Philip Memmer,2,,2,,,
3236,Jasminne Mendez,1,,,,,1
3237,Paula Mendoza,2,,,,,2
3238,Helen Meneilly,1,,,,1,
3239,Orlando Ricardo Menes,2,,1,,,1
3240,Amy Meng,1,,1,,,
3241,Siddhartha Menon,1,,,1,,
3242,Michelle Menting,2,,2,,,
3243,Melissa Atkinson Mercer,1,,1,,,
3244,William Meredith,1,,,,,1
3245,Mary Meriam,3,,3,,,
3246,Christopher Merrill,1,,1,,,
3247,Jeredith Merrin,1,,1,,,
3248,Andrew Merton,2,,2,,,
3249,Kathryn Merwin,1,,1,,,
3250,W. S. Merwin,19,,6,,10,3
3251,Helena Mesa,1,,1,,,
3252,Henri Meschonnic,1,,,1,,
3253,Susie Meserve,1,,1,,,
3254,Corey Mesler,1,,1,,,
3255,Sharon Mesmer,1,,1,,,
3256,Sarah Messer,1,,1,,,
3257,Philip Metres,4,,1,2,,1
3258,Jennifer Metsker,1,,1,,,
3259,Mitchell Metz,2,,2,,,
3260,Elizabeth Metzger,4,,2,1,1,
3261,Claire Meuschke,1,,,1,,
3262,Charlotte Mew,1,,,,,1
3263,Elisabeth Meyer,1,,1,,,
3264,Nadine Sabra Meyer,1,,1,,,
3265,Michael Meyerhofer,8,,7,,1,
3266,Bert Meyers,4,,,3,,1
3267,Lewis Meyers,1,,1,,,
3268,Susan Meyers,1,,1,,,
3269,Miguelángel Meza,1,,,1,,
3270,Emma Miao,1,,,,1,
3271,Judy Rowe Michaels,2,,2,,,
3272,Timothy Michalik,1,,,1,,
3273,Sara Michas-Martin,2,,2,,,
3274,Noah Michelson,1,,1,,,
3275,Richard Michelson,1,,1,,,
3276,Seth Michelson,1,,1,,,
3277,Camasin Middour,1,,1,,,
3278,Tiffany Midge,1,,1,,,
3279,Dunya Mikhail,1,,,,1,
3280,olga mikolaivna,1,,,1,,
3281,Richard Milazzo,2,,2,,,
3282,Michael Milburn,1,,1,,,
3283,Joseph V. Milford,1,,1,,,
3284,Zewdu Milikit,1,,,1,,
3285,Jennifer Militello,5,,5,,,
3286,Joseph Millar,5,,2,2,,1
3287,Edna St. Vincent Millay,16,8,,,4,4
3288,Amy Miller,1,,1,,,
3289,Andrew Miller,1,,1,,,
3290,Carly Joy Miller,1,,1,,,
3291,Carolyn Miller,1,,1,,,
3292,Chloe Yelena Miller,1,,,,,1
3293,E. Ethelbert Miller,1,,,,,1
3294,Jane Miller,1,,,1,,
3295,Jennifer Stewart Miller,1,,1,,,
3296,Kevin Miller,1,,1,,,
3297,Leslie Adrienne Miller,2,,2,,,
3298,Malcolm Miller,1,,1,,,
3299,Matt W. Miller,2,,1,,,1
3300,Nora Claire Miller,1,,,1,,
3301,Pamela Miller,1,,1,,,
3302,Sara Miller,1,,1,,,
3303,Sid Miller,1,,1,,,
3304,Wayne Miller,11,,9,,,2
3305,Devon Miller-Duggan,1,,1,,,
3306,Claire Millikin,7,,7,,,
3307,Maggie Millner,2,,,2,,
3308,David Mills,1,,,1,,
3309,Tyler Mills,4,,3,,,1
3310,A. A. Milne,1,,,,,1
3311,Czeslaw Milosz,4,,,,4,
3312,John Milton,12,11,,,,1
3313,Scott Minar,2,,2,,,
3314,John Minczeski,2,,1,,1,
3315,Matthew Minicucci,4,,3,,,1
3316,Chelsey Minnis,1,,,1,,
3317,Abby Minor,1,,1,,,
3318,Laura Minor,2,,1,1,,
3319,Czesław Miłosz,1,,,1,,
3320,Mir Taqi Mir,1,,,1,,
3321,Stan Mir,1,,1,,,
3322,Ben Mirov,1,,1,,,
3323,Peter Mishler,2,,1,1,,
3324,Felicia Mitchell,1,,1,,,
3325,Mark J. Mitchell,1,,1,,,
3326,Matt Mitchell,1,,1,,,
3327,Roger Mitchell,2,,2,,,
3328,Tangie Mitchell,1,,,1,,
3329,Thomas Mitchell,2,,2,,,
3330,Michael Mlekoday,2,,2,,,
3331,Ange Mlinko,2,,1,1,,
3332,Jose-Luis Moctezuma,1,,,1,,
3333,Brad Aaron Modlin,1,,,,,1
3334,Eileen Moeller,1,,1,,,
3335,Kelly Moffett,1,,1,,,
3336,Rosalie Moffett,3,,1,2,,
3337,Rajiv Mohabir,1,,1,,,
3338,K. Silem Mohammad,1,,,,,1
3339,Rooja Mohassessy,3,,1,1,,1
3340,Latiff Mohidin,2,,,,2,
3341,Sally Stewart Mohney,1,,1,,,
3342,Anis Mojgani,1,,,,1,
3343,Judith Mok,1,,1,,,
3344,Jenny Molberg,5,,4,,,1
3345,Carol Moldaw,3,,,1,,2
3346,Mary Molinary,1,,1,,,
3347,Kathryn Moll,1,,1,,,
3348,Sophie Mollart,1,,1,,,
3349,Daniela Naomi Molnar,1,,,1,,
3350,Ennio Moltedo,1,,,1,,
3351,Jean Monahan,1,,1,,,
3352,Noel Monahan,1,,1,,,
3353,Aja Monet,1,,,,,1
3354,Derek Mong,6,,6,,,
3355,Natasha Kochicheril Moni,1,,1,,,
3356,Ander Monson,2,,2,,,
3357,Jude Cowan Montague,1,,1,,,
3358,Keith Montesano,1,,1,,,
3359,Yesenia Montilla,4,,,,,4
3360,Michael Montlack,1,,,1,,
3361,Rodger Moody,2,,2,,,
3362,Trey Moody,2,,2,,,
3363,David Moolten,2,,2,,,
3364,Diane Lee Moomey,1,,1,,,
3365,Kamilah Aisha Moon,3,,1,,,2
3366,moonheart,1,,,,,1
3367,Yunkyo Moon-Kim,1,,,1,,
3368,Alan Jude Moore,1,,1,,,
3369,Berwyn Moore,1,,1,,,
3370,Carolyn Moore,1,,1,,,
3371,Devon Moore,2,,2,,,
3372,George Moore,1,,1,,,
3373,Honor Moore,1,,1,,,
3374,James Fujinami Moore,1,,,,,1
3375,Jennifer Moore,1,,1,,,
3376,Jim Moore,3,,,1,,2
3377,Joy Moore,1,,1,,,
3378,Julie L. Moore,3,,3,,,
3379,Marianne Moore,10,8,,,,2
3380,Mary B. Moore,2,,1,1,,
3381,Matthew Moore,1,,,1,,
3382,Richard O. Moore,1,,1,,,
3383,Sarah Kathryn Moore,1,,1,,,
3384,Pat Mora,1,,,,,1
3385,Aurora Levins Morales,1,,,,1,
3386,Juan J. Morales,2,,1,,,1
3387,Patrick Moran,1,,1,,,
3388,Pamela Mordecai,1,,,1,,
3389,Esther Morgan,1,,1,,,
3390,Jeffrey Morgan,5,,5,,,
3391,John Morgan,1,,1,,,
3392,Mamie Morgan,1,,,1,,
3393,Robert Morgan,1,,1,,,
3394,Saretta Morgan,1,,,1,,
3395,Shauna M. Morgan,1,,,,,1
3396,Tomás Q. Morín,2,,1,,,1
3397,Rachel Moritz,2,,2,,,
3398,Malena Mörling,1,,,,,1
3399,Blueberry Elizabeth Morningsnow,1,,1,,,
3400,Caridad Moro-Gronlier,2,,1,,,1
3401,Michelle Morouse,1,,1,,,
3402,Bee Morris,1,,,,1,
3403,Darren Morris,1,,1,,,
3404,Mary Morris,2,,1,,,1
3405,Brian D. Morrison,1,,1,,,
3406,Rusty Morrison,3,,2,1,,
3407,Sinead Morrissey,1,,,,,1
3408,Valzhyna Mort,1,,,,,1
3409,jamie mortara,1,,1,,,
3410,karla k. morton,2,,2,,,
3411,Matt Morton,4,,4,,,
3412,Rebecca Morton,1,,1,,,
3413,Mihaela Moscaliuc,3,,1,2,,
3414,Lauren Moseley,1,,1,,,
3415,Lena Moses-Schmitt,2,,,1,,1
3416,Cheryl Moskowitz,1,,1,,,
3417,Jennifer Moss,2,,2,,,
3418,Thylias Moss,1,,,,1,
3419,Travis Mossotti,3,,2,1,,
3420,Fred Moten,2,,1,1,,
3421,Andrew Motion,1,,,1,,
3422,Alicia Mountain,1,,,,,1
3423,Mohammed Moussa,1,,,,1,
3424,Sandra Moussempès,1,,,1,,
3425,Nikki Moustaki,1,,1,,,
3426,Jennifer Moxley,1,,,1,,
3427,Daniel Moysaenko,1,,1,,,
3428,Cheswayo Mphanza,1,,,,,1
3429,Du Fu; Li Shangyin; Du Mu,1,,,1,,
3430,Jenny Mueller,2,,2,,,
3431,Lisel Mueller,4,,,,,4
3432,Simone Muench,2,,2,,,
3433,Olivia Muenz,1,,,1,,
3434,Steve Mueske,1,,1,,,
3435,Dipika Mukherjee,2,,1,1,,
3436,Gala Mukomolova,1,,,,,1
3437,Tawanda Mulalu,3,,1,1,,1
3438,Paul Muldoon,5,,3,1,,1
3439,Rick Mulkey,1,,1,,,
3440,Harryette Mullen,4,,,1,,3
3441,Laura Mullen,1,,1,,,
3442,Pete Mullineaux,1,,1,,,
3443,Naomi Mulvihill,1,,1,,,
3444,Ottilie Mulzet,1,,1,,,
3445,Peggy Munson,1,,1,,,
3446,David Mura,1,,1,,,
3447,Sahar Muradi,4,,1,1,,2
3448,Luisa Muradyan,4,,2,2,,
3449,Daryl Muranaka,1,,1,,,
3450,Elisabeth Murawski,5,,3,,,2
3451,John Murillo,1,,,,,1
3452,Emily Murman,1,,1,,,
3453,Dan Murphy,1,,,1,,
3454,Erin Murphy,4,,4,,,
3455,John Murphy,1,,1,,,
3456,Miguel Murphy,1,,1,,,
3457,Patricia Colleen Murphy,1,,1,,,
3458,Peter E. Murphy,1,,1,,,
3459,Sarah Murphy,1,,1,,,
3460,Sheila E. Murphy,1,,1,,,
3461,Christopher Brean Murray,1,,,1,,
3462,Joan Murray,2,,2,,,
3463,Les Murray,3,,1,1,,1
3464,Pauli Murray,2,,,,,2
3465,Stephen Murray,1,,1,,,
3466,Matthew Murrey,1,,1,,,
3467,Jane Muschenetz,1,,1,,,
3468,Carol Muske-Dukes,3,,2,,,1
3469,Kristine Ong Muslim,2,,2,,,
3470,Alicia Rebecca Myers,1,,1,,,
3471,Benjamin Myers,1,,1,,,
3472,Danika Paige Myers,1,,,1,,
3473,Jack Myers,1,,1,,,
3474,Jason Myers,1,,1,,,
3475,Robin Myers,1,,,1,,
3476,Eileen Myles,2,,,1,1,
3477,Vladimir Nabokov,1,,,,1,
3478,Amanda Nadelberg,2,,2,,,
3479,Nawal Nader-French,1,,,1,,
3480,Angel Nafis,3,,,,1,2
3481,Minako Nagashima,1,,,,1,
3482,Evan Nagle,1,,1,,,
3483,Hannah Lee Nahar,1,,1,,,
3484,Noor Ibn Najam,1,,1,,,
3485,James Najarian,1,,1,,,
3486,Sawako Nakayasu,1,,,1,,
3487,Nali,1,,,1,,
3488,Paula Reed Nancarrow,1,,1,,,
3489,Vi Khi Nao,1,,,,,1
3490,Katrina Naomi,1,,1,,,
3491,Nick Narbutas,1,,1,,,
3492,Bryan Narendorf,1,,1,,,
3493,Jeevan Anthony Narney,1,,1,,,
3494,tatiana nascimento,1,,,1,,
3495,Patty Nash,1,,,1,,
3496,Emily Nason,1,,1,,,
3497,Jesse Nathan,1,,,1,,
3498,Katie Naughton,1,,,1,,
3499,Sham-e-Ali Nayeem,1,,,,,1
3500,Lo Naylor,1,,,,,1
3501,Sophia Naz,1,,,1,,
3502,Uche Nduka,1,,,1,,
3503,Jay Nebel,1,,1,,,
3504,Behçet Necatigil,1,,,1,,
3505,Mark Neely,2,,2,,,
3506,Samira Negrouche,1,,,1,,
3507,Shane Neilson,1,,1,,,
3508,Eric Nelson,1,,1,,,
3509,Jennifer Nelson,1,,,1,,
3510,Kathy Nelson,1,,1,,,
3511,Kelly Nelson,1,,1,,,
3512,Maggie Nelson,2,,2,,,
3513,Marilyn Nelson,3,,1,,,2
3514,Muriel Nelson,3,,3,,,
3515,Patricia Nelson,1,,1,,,
3516,Rachel Nelson,1,,1,,,
3517,Sierra Nelson,1,,1,,,
3518,Julia Nemirovskaya,1,,,1,,
3519,Mark Nepo,1,,,,1,
3520,Pablo Neruda,13,,4,,8,1
3521,Gérard de Nerval,1,,,1,,
3522,Daniel Nester,1,,1,,,
3523,Karen Neuberg,1,,1,,,
3524,Laura Neuman,1,,1,,,
3525,Bill Neumire,2,,2,,,
3526,Chantal Neveu,1,,,1,,
3527,Susannah Nevison,2,,2,,,
3528,Caroline Harper New,1,,,1,,
3529,Laura Newbern,3,,2,1,,
3530,Marcelle Newbold,1,,1,,,
3531,Michele Newcomb,1,,1,,,
3532,Amanda Newell,1,,1,,,
3533,Amy Newman,1,,1,,,
3534,Anna Newman,1,,,1,,
3535,Daniel Newman,1,,1,,,
3536,Gail Newman,1,,1,,,
3537,Lesléa Newman,1,,1,,,
3538,Richard Newman,3,,3,,,
3539,Aimee Nezhukumatathil,9,,3,1,2,3
3540,Diana Khoi Nguyen,2,,1,1,,
3541,Hieu Minh Nguyen,3,,,,1,2
3542,Hoa Nguyen,3,,1,2,,
3543,Joshua Nguyen,1,,,,,1
3544,Susan Nguyen,2,,1,,,1
3545,Thomas V. Nguyen,1,,1,,,
3546,Vaan Nguyen,1,,,1,,
3547,Jae Nichelle,2,,1,,,1
3548,Megan Nichols,2,,,1,1,
3549,Mel Nichols,1,,,1,,
3550,Travis Nichols,1,,1,,,
3551,Sara Nicholson,1,,,1,,
3552,Sheila Nickerson,1,,1,,,
3553,Leah Nieboer,1,,,1,,
3554,Lorine Niedecker,1,,,,,1
3555,Carsten René Nielsen,1,,1,,,
3556,Valerie Nieman,2,,2,,,
3557,Matthew Nienow,2,,2,,,
3558,John A. Nieves,16,,16,,,
3559,Stacy R. Nigliazzo,1,,1,,,
3560,Stephanie Niu,8,,2,4,,2
3561,Nkosi Nkululeko,2,,,,,2
3562,Christine No,1,,1,,,
3563,Tiana Nobile,3,,,1,,2
3564,Katherine Noble,1,,1,,,
3565,Edward Nobles,1,,1,,,
3566,Marti Noel,1,,1,,,
3567,Caleb Nolen,1,,1,,,
3568,Brianna Noll,4,,4,,,
3569,T.A. Noonan,1,,1,,,
3570,Sarah Rose Nordgren,5,,4,,,1
3571,Jean Nordhaus,3,,2,,1,
3572,Chessy Normile,2,,1,1,,
3573,Kate Northrop,6,,5,1,,
3574,Camille Norton,1,,1,,,
3575,Alice Notley,3,,1,1,,1
3576,Yehoshua November,2,,2,,,
3577,Sara Nović,1,,,1,,
3578,Kate Nuernberger,2,,2,,,
3579,Kathryn Nuernberger,1,,1,,,
3580,Alleliah Nuguid,1,,,,,1
3581,Jenn Marie Nunes,1,,1,,,
3582,Paula Ilabaca Núñez,1,,,1,,
3583,D. Nurkse,13,,11,1,1,
3584,D. Nurske,1,,1,,,
3585,Mia Nussbaum,1,,1,,,
3586,Geoffrey Nutter,2,,1,1,,
3587,Naomi Shihab Nye,24,,2,1,15,6
3588,Marsha de la O,2,,1,,,1
3589,Kaya Oakes,1,,1,,,
3590,Greg Oaks,1,,,1,,
3591,Duy Đoàn,1,,,1,,
3592,Joyce Carol Oates,1,,1,,,
3593,Jeanne Obbard,1,,,1,,
3594,Miller Oberman,3,,1,1,,1
3595,Colleen O'Brien,1,,1,,,
3596,Dan O'Brien,1,,1,,,
3597,Elizabeth O'Brien,1,,1,,,
3598,Sarah O'Brien,1,,1,,,
3599,Tares Oburumu,1,,,1,,
3600,Ruth O'Callaghan,1,,1,,,
3601,Iván Palacios Ocaña,1,,,1,,
3602,Ed Ochester,1,,1,,,
3603,Annmarie OConnell,1,,1,,,
3604,David O'Connell,1,,1,,,
3605,Deirdre O'Connor,1,,1,,,
3606,Kimberly O'Connor,1,,1,,,
3607,Stephen O'Connor,1,,1,,,
3608,C. L. O'Dell,1,,,1,,
3609,Angela Alaimo O'Donnell,1,,1,,,
3610,Nicole Stellon O'Donnell,1,,1,,,
3611,Dennis O'Driscoll,1,,1,,,
3612,Edward O'Dwyer,1,,1,,,
3613,Laurence O'Dwyer,1,,1,,,
3614,Carrie Oeding,2,,2,,,
3615,Ifeanyi Ogbo,2,,,,2,
3616,Rosanna Young Oh,3,,1,,,2
3617,Frank O'Hara,8,,,,7,1
3618,Carrie Ayagaduk Ojanen,1,,,1,,
3619,Gabriel Ojeda-Sagué,2,,,2,,
3620,Cindy Juyoung Ok,5,,,3,,2
3621,Cynthia Dewi Oka,2,,,2,,
3622,Robert Okaji,3,,3,,,
3623,Ugochukwu Okpara,1,,,,1,
3624,dg nanouk okpik,3,,,2,,1
3625,John Okrent,1,,1,,,
3626,Yves Olade,1,,,,1,
3627,Natasha Oladokun,2,,,,,2
3628,Oluwaseun Olayiwola,2,,,2,,
3629,Sharon Olds,9,,1,,5,3
3630,Lena Oleanderson,1,,,,1,
3631,Jeni Olin,1,,1,,,
3632,Sharon Olinka,1,,1,,,
3633,Sara Lupita Olivares,3,,2,1,,
3634,José Olivarez,6,,,2,2,2
3635,Alexandra Oliver,2,,1,,,1
3636,Carolyn Oliver,2,,,2,,
3637,Mary Oliver,32,,2,1,29,
3638,Ursula Andkjær Olsen,1,,,1,,
3639,William Olsen,2,,2,,,
3640,Christina Olson,4,,3,1,,
3641,Sharon Olson,1,,1,,,
3642,Tanya Olson,3,,3,,,
3643,Eva Kristina Olsson,1,,,1,,
3644,Lisa Olstein,5,,3,1,,1
3645,Carol Guess & Daniela Olszewska,1,,1,,,
3646,Daniela Olszewska,2,,2,,,
3647,Matthew Olzmann,6,,,1,2,3
3648,Regina O'Melveny,2,,2,,,
3649,Khải Đơn,1,,,1,,
3650,Michael Ondaatje,3,,,,2,1
3651,January Gill O'Neil,8,,4,1,1,2
3652,Emily O'Neill,2,,2,,,
3653,Rüştü Onur,1,,,,,1
3654,Elizabeth Onusko,1,,1,,,
3655,Kwame Opoku-Duku,2,,1,,,1
3656,Meret Oppenheim,1,,,1,,
3657,Amy Orazio,1,,1,,,
3658,Julian Orde,1,,1,,,
3659,Dion O'Reilly,3,,2,,,1
3660,Alexis Orgera,1,,1,,,
3661,Romeo Oriogun,2,,1,1,,
3662,Steven Orlen,1,,,,,1
3663,Dzvinia Orlowsky,1,,1,,,
3664,Meghan O'Rourke,2,,,,,2
3665,David Orr,1,,1,,,
3666,Gregory Orr,4,,1,1,2,
3667,Leila Ortiz,1,,,,,1
3668,Lisa Allen Ortiz,8,,7,1,,
3669,mónica teresa ortiz,1,,,1,,
3670,Al Ortolani,1,,1,,,
3671,Todd Osborne,1,,1,,,
3672,Frank Osen,1,,1,,,
3673,Jill Osier,6,,5,1,,
3674,Olatunde Osinaike,3,,,1,,2
3675,Jena Osman,1,,,1,,
3676,Ladan Osman,1,,,,,1
3677,Nathan Xavier Osorio,4,,2,1,,1
3678,Leah Poole Osowski,3,,2,1,,
3679,Kathleen Ossip,1,,,,,1
3680,April Ossmann,1,,1,,,
3681,Eugene Ostashevsky,1,,,1,,
3682,Alicia Suskin Ostriker,3,,2,,,1
3683,Robert Ostrom,2,,2,,,
3684,Leanne O'Sullivan,2,,1,,1,
3685,Oscar Oswald,1,,,1,,
3686,Michelle Otero,1,,1,,,
3687,Martin Ott,3,,3,,,
3688,Tilsa Otta,2,,,2,,
3689,Pat Williams Owen,1,,1,,,
3690,Sue Owen,1,,1,,,
3691,Wilfred Edward Salter Owen,9,9,,,,
3692,José Felipe Ozuna,1,,,1,,
3693,Judith Pacht,1,,1,,,
3694,Jami Padgett,1,,,1,,
3695,Ron Padgett,2,,1,1,,
3696,Danielle Pafunda,5,,5,,,
3697,Caryl Pagel,3,,3,,,
3698,Nancy Pagh,1,,1,,,
3699,Gianfranco Pagnucci,1,,,,,1
3700,Shin Yu Pai,1,,1,,,
3701,Patty Paine,3,,3,,,
3702,Frank Paino,3,,3,,,
3703,Triin Paja,3,,1,2,,
3704,Mark Pajak,1,,,1,,
3705,Gabriel Palacios,1,,,1,,
3706,Grace Paley,1,,,,,1
3707,H. C. Palmer,1,,1,,,
3708,Michael Palmer,1,,,1,,
3709,Benjamin Paloff,2,,2,,,
3710,Em Palughi,1,,1,,,
3711,Weijia Pan,3,,1,2,,
3712,Hiva Panahi,1,,,1,,
3713,Luis Panini,1,,1,,,
3714,Eric Pankey,6,,6,,,
3715,Daniele Pantano,1,,1,,,
3716,Sarah Pape,1,,,1,,
3717,Jimmy Pappas,1,,1,,,
3718,Gregory Pardlo,2,,,1,,1
3719,Deborah Paredez,1,,1,,,
3720,Susan Paris,1,,1,,,
3721,Suphil Lee Park,7,,6,1,,
3722,Alan Michael Parker,3,,3,,,
3723,Dorothy Parker,3,,,,2,1
3724,Morgan Parker,4,,,1,1,2
3725,Pat Parker,1,,,1,,
3726,Suzanne Parker,1,,1,,,
3727,Tina Parker,1,,1,,,
3728,Cynthia Parker-Ohene,5,,3,2,,
3729,Cecily Parks,5,,1,2,,2
3730,Ian Parks,1,,1,,,
3731,Sandeep Parmar,1,,,1,,
3732,Zan de Parry,1,,,1,,
3733,Kim Ports Parsons,1,,1,,,
3734,Linda Parsons,1,,1,,,
3735,Stephen Derwent Partington,1,,1,,,
3736,Kate Partridge,3,,1,2,,
3737,Giovanni Pascoli,2,,,2,,
3738,Abdulla Pashew,1,,,1,,
3739,Linda Pastan,5,,1,1,3,
3740,Amisha Patel,1,,1,,,
3741,Soham Patel,1,,,1,,
3742,Don Paterson,1,,,1,,
3743,Chus Pato,1,,,1,,
3744,Nome Emeka Patrick,1,,,1,,
3745,Angela Patten,1,,1,,,
3746,Brian Patten,1,,,,1,
3747,Dayna Patterson,2,,2,,,
3748,G. E. Patterson,1,,1,,,
3749,James Conor Patterson,1,,1,,,
3750,Veronica Patterson,1,,1,,,
3751,Allyson Paty,1,,,1,,
3752,Elizabeth Paul,1,,1,,,
3753,Ricardo Pau-Llosa,10,,10,,,
3754,Cesare Pavese,3,,,,3,
3755,Athar C. Pavis,1,,1,,,
3756,Ed Pavlić,3,,1,1,,1
3757,Eleanor Payntor,1,,1,,,
3758,Andrew Payton,1,,1,,,
3759,Octavio Paz,2,,,,2,
3760,Oliver de la Paz,13,,7,2,1,3
3761,Richard Peabody,1,,1,,,
3762,Molly Peacock,1,,1,,,
3763,Megan Peak,2,,1,,,1
3764,Candace Pearson,1,,1,,,
3765,Dustin Pearson,1,,,1,,
3766,Joanna Pearson,1,,1,,,
3767,Nancy K. Pearson,2,,1,,,1
3768,Alexandria Peary,1,,1,,,
3769,Charlie Peck,1,,,1,,
3770,Mary Peelen,1,,1,,,
3771,Kathleen Peirce,1,,1,,,
3772,José Luís Peixoto,1,,,1,,
3773,Nina C. Peláez,1,,1,,,
3774,Alison Pelegrin,5,,5,,,
3775,Ben Pelhan,1,,1,,,
3776,V. Penelope Pelizzon,4,,1,1,,2
3777,Michelle Peñaloza,1,,1,,,
3778,Bryan Penberthy,1,,1,,,
3779,Charlotte Pence,3,,1,,,2
3780,Gary Percesepe,1,,1,,,
3781,Willie Perdomo,1,,,,,1
3782,Peter Pereira,2,,2,,,
3783,Sam Pereira,1,,1,,,
3784,Barbara Perez,1,,1,,,
3785,Bianca Alyssa Pérez,1,,,1,,
3786,Craig Santos Perez,2,,,1,,1
3787,Fernando Pérez,1,,1,,,
3788,Vincente Perez,2,,1,1,,
3789,Lucia Perillo,4,,4,,,
3790,Martheaus Perkins,1,,,1,,
3791,Sarah Perrier,1,,1,,,
3792,Jennifer Perrine,4,,2,1,,1
3793,Alyssa Perry,1,,,1,,
3794,C. E. Perry,1,,1,,,
3795,Nathaniel Perry,4,,1,1,,2
3796,Simone Person,1,,1,,,
3797,Joyce Peseroff,1,,1,,,
3798,Robert Pesich,3,,3,,,
3799,Fernando Pessoa,1,,,1,,
3800,Paulann Petersen,1,,,,,1
3801,Allan Peterson,7,,7,,,
3802,Gus Peterson,1,,1,,,
3803,Jennifer Polson Peterson,1,,,1,,
3804,Jim Peterson,2,,1,1,,
3805,Katie Peterson,4,,1,2,,1
3806,Lee Peterson,2,,1,1,,
3807,Rachel Danielle Peterson,1,,1,,,
3808,Pascale Petit,7,,6,1,,
3809,Petrarch,1,,1,,,
3810,Leanna Petronella,1,,1,,,
3811,Kiki Petrosino,3,,1,,,2
3812,Tony Petrosky,1,,,,,1
3813,Mario Petrucci,1,,1,,,
3814,Emily Pettit,2,,2,,,
3815,Michael Pettit,1,,1,,,
3816,Rhonda Pettit,1,,1,,,
3817,Alice Pettway,5,,5,,,
3818,Roger Pfingston,1,,1,,,
3819,Alixen Pham,1,,,,,1
3820,Hai-Dang Phan,2,,,,,2
3821,Kevin Phan,1,,1,,,
3822,Shaina Phenix,1,,,1,,
3823,Bao Phi,1,,,,,1
3824,Kasey Erin Phifer-Byrne,1,,1,,,
3825,Ann A. Philips,1,,1,,,
3826,Carl Phillips,21,,10,4,3,4
3827,Emilia Phillips,6,,4,2,,
3828,Patrick Phillips,4,,2,1,,1
3829,Robert Phillips,1,,,,1,
3830,Rowan Ricardo Phillips,2,,,2,,
3831,Xan Forest Phillips,1,,,,,1
3832,Xandria Phillips,1,,,1,,
3833,Luc Phinney,1,,1,,,
3834,Jessica Piazza,2,,2,,,
3835,Douglas Piccinnini,2,,1,1,,
3836,Isaac Pickell,1,,,1,,
3837,Therí Alyce Pickens,1,,1,,,
3838,Tommy Pico,1,,,,,1
3839,Patty Dickson Pieczka,5,,5,,,
3840,Danielle Pieratti,1,,1,,,
3841,Catherine Pierce,15,,13,1,,1
3842,Marge Piercy,4,,,,2,2
3843,W. S. Di Piero,1,,1,,,
3844,Rocío Ágreda Piérola,1,,,1,,
3845,Pedro Pietri,1,,,,1,
3846,Kevin Pilkington,2,,2,,,
3847,Sasha Pimentel,1,,,,,1
3848,Maya Pindyck,3,,1,,,2
3849,Irma Pineda,2,,,2,,
3850,Janel Pineda,2,,,,,2
3851,Paul Pines,3,,3,,,
3852,Wang Ping,1,,,,,1
3853,Robert Pinsky,3,,,2,1,
3854,Megan Pinto,2,,1,,,1
3855,Samantha Pious,1,,1,,,
3856,Stephanie Pippin,1,,1,,,
3857,Anne Pitkin,1,,1,,,
3858,Jo Pitkin,1,,1,,,
3859,Lucia Mae Pitts,1,,,,,1
3860,Alejandra Pizarnik,1,,,,,1
3861,Ösel Jessica Plante,1,,1,,,
3862,Sylvia Plath,1,,,,1,
3863,Donald Platt,1,,1,,,
3864,Trevino L. Brings Plenty,2,,,,,2
3865,Hilary Plum,1,,,1,,
3866,Stanley Plumly,2,,,1,,1
3867,Li Po,5,,,1,4,
3868,Kenneth Pobo,1,,1,,,
3869,John Poch,3,,3,,,
3870,Edgar Allan Poe,10,9,,,1,
3871,Stav Poleg,1,,,1,,
3872,Jessica Poli,1,,1,,,
3873,Elizabeth Poliner,1,,1,,,
3874,Frederick Pollack,1,,1,,,
3875,Niina Pollari,1,,,,,1
3876,Iain Haley Pollock,1,,1,,,
3877,Abi Pollokoff,1,,,1,,
3878,Anzhelina Polonskaya,2,,1,1,,
3879,Marsha Pomerantz,1,,1,,,
3880,Catherine Pond,1,,,1,,
3881,Marie Ponsot,4,,,,3,1
3882,Aaron Poochigian,1,,1,,,
3883,Maya C. Popa,4,,2,1,,1
3884,Alexander Pope,1,1,,,,
3885,Alexis Pope,3,,3,,,
3886,Colin Pope,1,,,,,1
3887,Deborah Pope,1,,1,,,
3888,Sofija Popovska,1,,,1,,
3889,Karen Poppy,1,,,,,1
3890,Samodh Porawagamage,2,,1,1,,
3891,Cati Porter,3,,3,,,
3892,Jody Porter,1,,1,,,
3893,Andrew Posner,1,,1,,,
3894,Connie Post,5,,5,,,
3895,Frances Justine Post,1,,1,,,
3896,Tom Postell,2,,1,1,,
3897,Joshua Poteat,1,,1,,,
3898,Andrea Potos,5,,5,,,
3899,Adrian S. Potter,1,,1,,,
3900,Carol Potter,2,,2,,,
3901,Christine Potter,2,,2,,,
3902,Lee Potts,1,,1,,,
3903,Lynne Potts,3,,3,,,
3904,Kyle Potvin,1,,1,,,
3905,Ezra Pound,2,,,,2,
3906,Tom Pow,1,,,1,,
3907,Alison Powell,1,,1,,,
3908,D.A. Powell,2,,2,,,
3909,Elizabeth A.I. Powell,1,,,1,,
3910,Kerry-Lee Powell,1,,1,,,
3911,Kevin Powers,1,,1,,,
3912,Nina Mingya Powles,2,,,1,,1
3913,Adélia Prado,2,,,,,2
3914,Claudia Prado,1,,,1,,
3915,Christy Prahl,1,,,1,,
3916,Irena Praitis,2,,2,,,
3917,David B. Prather,1,,1,,,
3918,Chris Preddle,1,,1,,,
3919,Catherine Esposito Prescott,2,,2,,,
3920,Vivian Faith Prescott,1,,1,,,
3921,Barbara Presnell,1,,1,,,
3922,A. Prevett,1,,,,,1
3923,Zana Previti,1,,1,,,
3924,Karisma Price,3,,,1,,2
3925,Joy Priest,6,,1,2,1,2
3926,Kimberly Ann Priest,2,,1,1,,
3927,Rena Priest,2,,1,,,1
3928,Jana Prikryl,2,,,2,,
3929,Diane di Prima,2,,,,2,
3930,Gretchen Primack,1,,1,,,
3931,Katie Prince,1,,1,,,
3932,Alison Prine,3,,2,,,1
3933,Donna Prinzmetal,2,,2,,,
3934,Isabel Prioleau,1,,,,,1
3935,Michael Prior,4,,2,2,,
3936,Norman H. Pritchard,1,,,1,,
3937,Nate Pritts,7,,7,,,
3938,Meghan Privitello,1,,1,,,
3939,Jean Prokott,1,,1,,,
3940,Laura Van Prooyen,3,,3,,,
3941,Ines P. Rivera Prosdocimi,2,,1,1,,
3942,Bonnie Proudfoot,2,,2,,,
3943,Kevin Prufer,9,,5,3,,1
3944,Ana Pugatch,1,,,1,,
3945,Christina Pugh,2,,2,,,
3946,Shelley Puhak,2,,1,1,,
3947,Jayne Pupek,1,,1,,,
3948,Brontez Purnell,1,,,1,,
3949,Lia Purpura,2,,,1,,1
3950,Koleka Putuma,1,,,,,1
3951,Yousif M. Qasmiyeh,1,,,1,,
3952,Qhali,1,,,1,,
3953,Cleo Qian,1,,,1,,
3954,Xin Qiji,1,,,1,,
3955,Mary Quade,1,,1,,,
3956,Alissa Quart,1,,1,,,
3957,Salvatore Quasimodo,1,,,1,,
3958,Marie de Quatrebarbes,1,,,1,,
3959,Michael Quattrone,1,,1,,,
3960,Khadijah Queen,1,,1,,,
3961,Maggie Queeney,2,,,,,2
3962,Ruben Quesada,1,,,,,1
3963,James Kelly Quigley,1,,,,,1
3964,Carol Quinn,1,,1,,,
3965,Hajara Quinn,1,,,,1,
3966,Peg Quinn,1,,1,,,
3967,Paige Quiñones,1,,1,,,
3968,Octavio Quintanilla,3,,2,1,,
3969,Danni Quintos,1,,,,,1
3970,Shazea Quraishi,1,,,,1,
3971,Esther Ra,1,,1,,,
3972,Lawrence Raab,5,,2,1,2,
3973,Zara Raab,2,,2,,,
3974,Saara Myrene Raappana,1,,1,,,
3975,Nasser Rabah,2,,,2,,
3976,Elizabeth Raby,1,,1,,,
3977,Ellen Rachlin,1,,1,,,
3978,Ethel Rackin,3,,2,,,1
3979,David Radavich,1,,1,,,
3980,Dean Rader,5,,4,,,1
3981,Simone Muench & Dean Rader,1,,1,,,
3982,Kathleen Radigan,1,,1,,,
3983,Jeremy Radin,2,,,1,,1
3984,Stella Vinitchi Radulescu,4,,3,1,,
3985,Khalisa Rae,3,,1,,,2
3986,Charles Rafferty,11,,9,1,,1
3987,James Ragan,1,,1,,,
3988,Marc Rahe,2,,2,,,
3989,Rebecca Rainof,1,,,,,1
3990,Supritha Rajan,3,,1,1,,1
3991,A. K. Ramanujan,1,,,,1,
3992,Jody Rambo,3,,2,,1,
3993,Reyes Ramirez,1,,,1,,
3994,Bin Ramke,1,,,1,,
3995,Natasha Ramoutar,1,,,1,,
3996,Susan Blackwell Ramsey,1,,1,,,
3997,Doug Ramspeck,9,,9,,,
3998,Shalini Rana,1,,1,,,
3999,Jacques J. Rancourt,1,,,1,,
4000,SK Rancy,1,,1,,,
4001,Belle Randall,1,,1,,,
4002,Jessy Randall,2,,2,,,
4003,Julian Randall,3,,,1,,2
4004,Melissa Range,2,,1,,,1
4005,April Ranger,1,,,,,1
4006,Camille Rankine,4,,1,,1,2
4007,Claudia Rankine,2,,1,1,,
4008,Emily Ransdell,1,,1,,,
4009,Kathryn Rantala,1,,1,,,
4010,Natasha Rao,5,,,1,1,3
4011,Carolyn Raphael,1,,1,,,
4012,Adrienne Raphel,1,,1,,,
4013,Forrest Rapier,1,,1,,,
4014,Greg Rappleye,2,,2,,,
4015,Barbara Ras,3,,,,2,1
4016,Sara Abou Rashed,1,,,,,1
4017,Bill Rasmovicz,2,,2,,,
4018,Matt Rasmussen,2,,1,,,1
4019,Tyler Raso,1,,,1,,
4020,Chelsea Rathburn,4,,3,,,1
4021,Michael Rattee,1,,1,,,
4022,Katharine Rauk,1,,1,,,
4023,nat raum,1,,,,1,
4024,Sage Ravenwood,3,,3,,,
4025,Megan Denton Ray,1,,,,,1
4026,Ricky Ray,1,,1,,,
4027,Shann Ray,2,,2,,,
4028,Monica Raymond,1,,1,,,
4029,Laura Read,1,,,1,,
4030,Robin Reagler,1,,1,,,
4031,Brynne Rebele-Henry,1,,1,,,
4032,Remi Recchia,1,,1,,,
4033,m. s. RedCherries,1,,,1,,
4034,Yvonne Reddick,1,,,1,,
4035,Nancy Reddy,2,,2,,,
4036,Srikanth Reddy,2,,,2,,
4037,Victoria Redel,1,,,,,1
4038,Claudia Reder,1,,1,,,
4039,Glenis Redmond,2,,1,1,,
4040,Spencer Reece,3,,,3,,
4041,Justin Phillip Reed,1,,,,,1
4042,Michelle Reed,1,,1,,,
4043,C. Rees,1,,,,,1
4044,Elizabeth Rees,1,,1,,,
4045,Steven Reese,2,,2,,,
4046,Jennifer Reeser,1,,1,,,
4047,Phoebe Reeves,1,,1,,,
4048,Roger Reeves,7,,2,2,1,2
4049,Tony Reevy,1,,1,,,
4050,Candice Reffe,1,,1,,,
4051,Lotte Mitchell Reford,1,,,,,1
4052,Alexandra Lytton Regalado,1,,1,,,
4053,Padraig Regan,2,,,2,,
4054,Nicholas Regiacorte,1,,1,,,
4055,Pam Rehm,1,,,1,,
4056,William Reichard,1,,1,,,
4057,Bethany Reid,1,,1,,,
4058,Erica Reid,1,,,1,,
4059,Jasmine Reid,1,,,,,1
4060,Evelyn Reilly,1,,,1,,
4061,Jennifer Reimer,1,,,1,,
4062,Ariana Reines,2,,,1,,1
4063,Samantha Reiser,1,,1,,,
4064,James Reiss,1,,1,,,
4065,Murray Reiss,1,,1,,,
4066,Paisley Rekdal,7,,2,2,1,2
4067,Rebekah Remington,1,,1,,,
4068,John Repp,1,,1,,,
4069,Lawrence Revard,1,,1,,,
4070,Donald Revell,5,,3,2,,
4071,Pierre Reverdy,1,,,,1,
4072,Noʻu Revilla,2,,,1,1,
4073,Barbara Jane Reyes,2,,,1,,1
4074,Carlos Reyes,1,,1,,,
4075,Dimitri Reyes,2,,1,1,,
4076,José Edmundo Ocampo Reyes,1,,,,,1
4077,Chad Reynolds,1,,1,,,
4078,Christine Rhein,1,,1,,,
4079,Kathryn Rhett,1,,1,,,
4080,Lisa Rhoades,1,,1,,,
4081,Dennis Rhodes,1,,1,,,
4082,heidi andrea restrepo rhodes,3,,,1,,2
4083,J. Stephen Rhodes,1,,1,,,
4084,Suzanne Underwood Rhodes,1,,,1,,
4085,Brad Ricca,1,,1,,,
4086,Adrian Rice,1,,1,,,
4087,Jordan Rice,1,,1,,,
4088,Adrienne Rich,7,,,,5,2
4089,Susan Rich,4,,2,,,2
4090,Susanna Rich,1,,1,,,
4091,Katie Richards,1,,,1,,
4092,Marilee Richards,2,,1,1,,
4093,Cat Richardson,1,,,,,1
4094,James Richardson,4,,2,1,,1
4095,Peter Richardson,1,,1,,,
4096,Rachel Richardson,3,,2,,,1
4097,Frances Richey,1,,1,,,
4098,Susan Edwards Richmond,1,,1,,,
4099,Jennifer Richter,1,,1,,,
4100,Monica Rico,3,,,,,3
4101,Katherine Riegel,1,,1,,,
4102,Dan Rifenburgh,1,,1,,,
4103,Karen Rigby,1,,1,,,
4104,Sarah Riggs,1,,,1,,
4105,David Rigsbee,2,,2,,,
4106,Atsuro Riley,1,,,1,,
4107,Rainer Maria Rilke,9,,1,1,7,
4108,Monika Rinck,1,,1,,,
4109,Jayme Ringleb,2,,,1,,1
4110,Seán Ó. Ríordáin,1,,,1,,
4111,Karl Riordan,1,,1,,,
4112,Alberto Ríos,6,,2,1,,3
4113,Nick Ripatrazone,1,,1,,,
4114,M. P. Ritger,1,,1,,,
4115,Yannis Ritsos,4,,,2,,2
4116,Max Ritvo,2,,,,2,
4117,Sara Quinn Rivara,1,,1,,,
4118,David Rivard,1,,,,,1
4119,LM Rivera,1,,1,,,
4120,Joshua Rivkin,2,,1,1,,
4121,jess rizkallah,1,,,1,,
4122,Amy Roa,1,,1,,,
4123,Caitlin Roach,1,,,1,,
4124,Joshua Robbins,2,,2,,,
4125,Liz Robbins,2,,2,,,
4126,Ed Roberson,5,,,3,,2
4127,Andrew Michael Roberts,5,,5,,,
4128,Chloe Garcia Roberts,1,,,1,,
4129,Jack Roberts,1,,1,,,
4130,Katrina Roberts,3,,3,,,
4131,Kim Roberts,5,,5,,,
4132,Michael Symmons Roberts,1,,1,,,
4133,stephanie roberts,1,,1,,,
4134,Jennifer Robertson,1,,,1,,
4135,Kristin Robertson,1,,1,,,
4136,Lisa Robertson,1,,,1,,
4137,Robin Robertson,1,,,1,,
4138,Michael Robins,9,,6,2,,1
4139,Edwin Arlington Robinson,1,1,,,,
4140,Elizabeth Robinson,2,,2,,,
4141,Jane Robinson,1,,1,,,
4142,Roger Robinson,3,,1,,,2
4143,Joe Robitaille,1,,1,,,
4144,Peggy Robles-Alvarado,1,,,,,1
4145,Jeremy Robson,1,,1,,,
4146,Iliana Rocha,3,,2,,,1
4147,Martin Rock,1,,1,,,
4148,June Rockefeller,1,,1,,,
4149,Barbara Rockman,1,,1,,,
4150,Moya Roddy,1,,1,,,
4151,David Roderick,2,,1,,,1
4152,Erin Rodoni,7,,5,,,2
4153,Anuel Rodriguez,1,,,1,,
4154,Linda Rodriguez,1,,1,,,
4155,Dana Roeser,2,,2,,,
4156,Theodore Roethke,1,,,1,,
4157,Bertha Rogers,2,,2,,,
4158,Brittany Rogers,4,,,3,,1
4159,Elizabeth Lindsey Rogers,2,,1,,,1
4160,Justin Rogers,1,,1,,,
4161,Pattiann Rogers,3,,2,,,1
4162,Stephanie Rogers,2,,2,,,
4163,Matthew Rohrer,9,,5,3,,1
4164,Andres Rojas,1,,,1,,
4165,Rebecca Givens Rolland,1,,1,,,
4166,Nicole Rollender,1,,1,,,
4167,Alison C. Rollins,4,,,2,,2
4168,Sahar Romani,2,,,,,2
4169,Immanuel of Rome,1,,,1,,
4170,Lee Romer,1,,1,,,
4171,Laura Romeyn,1,,1,,,
4172,Edwin Romond,1,,1,,,
4173,Margaret Ronda,1,,1,,,
4174,Martha Ronk,1,,1,,,
4175,Anne Marie Rooney,5,,5,,,
4176,Kathleen Rooney,3,,2,,,1
4177,Lee Ann Roripaugh,5,,2,2,,1
4178,Patrick Rosal,2,,,,,2
4179,Renato Rosaldo,1,,1,,,
4180,Austen Leah Rose,1,,,1,,
4181,Catie Rosemurgy,1,,1,,,
4182,Dan Rosenberg,9,,7,1,,1
4183,Mirta Rosenberg,1,,,1,,
4184,Corinna Rosendahl,1,,1,,,
4185,Carl Rosenstock,1,,1,,,
4186,Mira Rosenthal,3,,2,1,,
4187,Emily Rosko,4,,4,,,
4188,Anna Ross,2,,1,,,1
4189,Arra Lynn Ross,1,,1,,,
4190,Laura Sobbott Ross,1,,1,,,
4191,Margaret Ross,4,,1,2,,1
4192,Sam Ross,1,,1,,,
4193,Amelia Rosselli,1,,,1,,
4194,J. Allyn Rosser,2,,2,,,
4195,Christina Georgina Rossetti,11,10,,,,1
4196,Lee Rossi,1,,1,,,
4197,Suzanne Manizza Roszak,3,,3,,,
4198,Alexis Rotella,1,,1,,,
4199,Paul B. Roth,2,,2,,,
4200,Susan Rothbard,1,,1,,,
4201,Wesley Rothman,2,,1,,,1
4202,Moriel Rothman-Zecher,1,,,1,,
4203,Ciona Rouse,4,,,,,4
4204,Kelly Rowe,1,,1,,,
4205,Sam Roxas-Chua,1,,1,,,
4206,Lindsey Royce,2,,2,,,
4207,Tadeusz Rozewicz,2,,,,2,
4208,Tomasz Różycki,1,,,1,,
4209,Mary Ruefle,12,,7,,3,2
4210,Sarah Ruhl,3,,,1,,2
4211,Rumi,6,,1,1,4,
4212,Linwood D. Rumney,1,,1,,,
4213,Lex Runciman,6,,6,,,
4214,Justin Runge,2,,2,,,
4215,Brandon Rushton,1,,1,,,
4216,Brian Russell,1,,1,,,
4217,Lauren Russell,2,,,2,,
4218,Michael Rutherglen,1,,1,,,
4219,Vern Rutsala,1,,1,,,
4220,Kay Ryan,2,,,,2,
4221,Michael Ryan,1,,,,1,
4222,Tamura Ryuichi,1,,1,,,
4223,F. Daniel Rzicznek,3,,3,,,
4224,Aaron El Sabrout,1,,,1,,
4225,Tsitsi S.A. Sachikonye,1,,1,,,
4226,Carly Sachs,1,,1,,,
4227,Nelly Sachs,2,,,2,,
4228,Sarah Sadie,1,,1,,,
4229,Jenny Sadre-Orafai,4,,4,,,
4230,Jacob Saenz,1,,,,,1
4231,Joe Safdie,1,,,1,,
4232,Lubna Safi,1,,,1,,
4233,Natalie Safir,1,,1,,,
4234,C.J. Sage,14,,14,,,
4235,Brooke Sahni,4,,4,,,
4236,Lawrence Sail,2,,2,,,
4237,Leslie Sainz,3,,,1,,2
4238,Marjorie Saiser,2,,2,,,
4239,Brynn Saito,5,,3,1,,1
4240,Traci Brimhall & Brynn Saito,1,,1,,,
4241,Natasha Sajé,7,,6,,,1
4242,Omar Sakr,4,,,1,2,1
4243,Amira Antoun Salameh,1,,1,,,
4244,Maya Salameh,1,,,1,,
4245,Tomaž Šalamun,5,,1,4,,
4246,C. T. Salazar,2,,1,,,1
4247,Michael Salcman,1,,1,,,
4248,Angbeen Saleem,1,,,,,1
4249,Edward Salem,2,,,1,,1
4250,Christopher Salerno,3,,3,,,
4251,Alex Z. Salinas,1,,,,,1
4252,J.D. Salinger,1,,,,1,
4253,David Salner,1,,1,,,
4254,Mona Lisa Saloy,1,,1,,,
4255,Mary Jo Salter,2,,1,,,1
4256,Ron Paul Salutsky,2,,2,,,
4257,Yaccaira Salvatierra,1,,,1,,
4258,Matt Salyer,1,,1,,,
4259,Kelly R. Samuels,1,,1,,,
4260,Mary Ann Samyn,5,,5,,,
4261,by Sonia Sanchez,2,,,,2,
4262,Erika L. Sánchez,1,,,,1,
4263,Juan Manuel Sánchez,1,,1,,,
4264,Mikeas Sánchez,1,,,,,1
4265,Sonia Sanchez,3,,,,1,2
4266,Carl Sandburg,5,,,,5,
4267,Sheila Sanderson,1,,1,,,
4268,Aimée Sands,1,,1,,,
4269,Jon Sands,2,,,,2,
4270,G. J. Sanford,1,,1,,,
4271,Yi Sang,1,,,1,,
4272,Nicole Santalucia,2,,1,1,,
4273,Cintia Santana,2,,1,1,,
4274,Chris Santiago,2,,,,,2
4275,Benilda S. Santos,2,,,,2,
4276,Ildefonso Santos,1,,,,1,
4277,Mayra Santos-Febres,1,,,1,,
4278,Sappho,1,,,,,1
4279,Robyn Sarah,1,,,,1,
4280,Sarah Sarai,2,,2,,,
4281,Severo Sarduy,1,,,1,,
4282,Jordi Sarsanedas,1,,,1,,
4283,Jo Sarzotti,1,,1,,,
4284,Catherine Sasanov,1,,1,,,
4285,Brian Satrom,5,,5,,,
4286,Jane Satterfield,3,,3,,,
4287,Carole Satyamurti,1,,1,,,
4288,Eva Saulitis,2,,1,1,,
4289,Hayden Saunier,4,,4,,,
4290,Sandra Savage,1,,1,,,
4291,Jeannine Savard,1,,1,,,
4292,Zach Savich,5,,5,,,
4293,Larry Sawyer,2,,2,,,
4294,Sam Sax,5,,2,1,1,1
4295,Gwen Sayers,1,,,1,,
4296,Nay Saysourinho,1,,,1,,
4297,Stephen Scaer,1,,1,,,
4298,Leslie Scalapino,1,,,1,,
4299,Caitlin Scarano,1,,,,,1
4300,George Scarbrough,1,,1,,,
4301,Andrea Scarpino,2,,2,,,
4302,Maxine Scates,3,,3,,,
4303,Natalie Scenters-Zapico,1,,,,,1
4304,Robin Beth Schaer,2,,1,,,1
4305,Jane Schapiro,1,,1,,,
4306,Adam Scheffler,3,,3,,,
4307,Angeline Schellenberg,1,,1,,,
4308,Frances Schenkkan,1,,1,,,
4309,Michael Schiavo,1,,1,,,
4310,Carla Schick,1,,1,,,
4311,Robyn Schiff,3,,1,1,1,
4312,Richard Schiffman,1,,1,,,
4313,Margot Schilpp,3,,3,,,
4314,Kelly Schirmann,1,,,1,,
4315,Stephanie E. Schlaifer,1,,1,,,
4316,Rob Schlegel,3,,1,2,,
4317,Fred Schmalz,1,,1,,,
4318,Michael Schmeltzer,1,,1,,,
4319,Katie Schmid,1,,1,,,
4320,Peter Schmitt,1,,1,,,
4321,Gjertrud Schnackenberg,2,,,,2,
4322,Pat Schneider,1,,,,1,
4323,Jason Schneiderman,4,,1,1,,2
4324,E. B. Schnepp,1,,,1,,
4325,Zachary Schomburg,3,,2,1,,
4326,Daniel Schonning,2,,,2,,
4327,Allyson Paty & Danniel Schoonebeck,1,,1,,,
4328,Danniel Schoonebeek,2,,2,,,
4329,Penelope Scambly Schott,5,,5,,,
4330,Amy Schrader,1,,1,,,
4331,Corinna McClanahan Schroeder,1,,1,,,
4332,Steven D. Schroeder,1,,1,,,
4333,Grace Schulman,2,,,1,1,
4334,Emily Elizabeth Schulten,2,,2,,,
4335,Dennison Ty Schultz,1,,,,,1
4336,Philip Schultz,3,,1,,1,1
4337,Tina Schumann,5,,5,,,
4338,Lacy Schutz,2,,2,,,
4339,Amy Schutzer,1,,1,,,
4340,Claire Schwartz,1,,,1,,
4341,Delmore Schwartz,1,,,1,,
4342,Howard Schwartz,1,,1,,,
4343,Leslie Contreras Schwartz,2,,2,,,
4344,Sarah V. Schweig,2,,2,,,
4345,Barbara Schweitzer,1,,1,,,
4346,Eric Schwerer,1,,1,,,
4347,Claire Scott,1,,1,,,
4348,Herbert Scott,1,,1,,,
4349,Nancy Scott,2,,2,,,
4350,Richard Scott,1,,,,,1
4351,J.D. Scrimgeour,1,,1,,,
4352,Heidi Seaborn,4,,1,1,,2
4353,by Nicole Sealey,1,,,,1,
4354,Nicole Sealey,4,,,,1,3
4355,Damion Searls,1,,,1,,
4356,Alexis Sears,1,,,,,1
4357,Denise Duhamel & Maureen Seaton,1,,1,,,
4358,Maureen Seaton,2,,2,,,
4359,Neil de la Flor & Maureen Seaton,1,,1,,,
4360,Allison Seay,2,,2,,,
4361,Chet'la Sebree,3,,1,1,,1
4362,Olga Sedakova,1,,,1,,
4363,Shane Seely,1,,1,,,
4364,George Seferis,1,,,1,,
4365,Tim Seibles,2,,,,,2
4366,Anthony Seidman,2,,2,,,
4367,Anne Lesley Selcer,1,,1,,,
4368,Tamara Kaye Sellman,1,,1,,,
4369,Katherine DiBella Seluja,1,,1,,,
4370,Kascha Semonovitch,1,,1,,,
4371,Nabaneeta Dev Sen,1,,,1,,
4372,Adelaide Sendlenski,1,,,,,1
4373,Martha Serpas,1,,1,,,
4374,Vijay Seshadri,2,,,1,,1
4375,Alafia Nicole Sessions,1,,,1,,
4376,Max Sessner,2,,1,1,,
4377,Choi Seungja,2,,,1,,1
4378,Diane Seuss,10,,2,4,1,3
4379,Melanie Sevcenko,1,,1,,,
4380,Juleta Severson-Baker,1,,1,,,
4381,Leona Sevick,1,,1,,,
4382,Lisa Sewell,1,,,,,1
4383,Anne Sexton,3,,,,3,
4384,Elaine Sexton,4,,4,,,
4385,Megan Sexton,1,,1,,,
4386,Sean Sexton,1,,1,,,
4387,Wesley Sexton,1,,1,,,
4388,Patty Seyburn,5,,5,,,
4389,Sarah Sgro,1,,1,,,
4390,Aharon Shabtai,1,,,1,,
4391,Eric Paul Shaffer,1,,1,,,
4392,Sara Shagufta,1,,,1,,
4393,Anushka Shah,1,,,1,,
4394,Purvi Shah,1,,,,,1
4395,Glenn Shaheen,1,,1,,,
4396,William Shakespeare,23,20,,,2,1
4397,Assata Shakur,1,,,,1,
4398,Xiao Yue Shan,1,,1,,,
4399,Charif Shanahan,6,,,1,2,3
4400,Ravi Shankar,1,,1,,,
4401,Natalie Shapero,6,,3,1,1,1
4402,Alan Shapiro,4,,1,2,,1
4403,Ali Shapiro,2,,1,,1,
4404,Lauren Shapiro,1,,1,,,
4405,Rob Shapiro,1,,,1,,
4406,Solmaz Sharif,4,,,1,1,2
4407,Lee Sharkey,2,,1,1,,
4408,Azad Ashim Sharma,1,,,1,,
4409,Prageeta Sharma,2,,,1,,1
4410,Vivek Sharma,1,,1,,,
4411,Brenda Shaughnessy,8,,4,1,1,2
4412,Anne Shaw,2,,2,,,
4413,B. T. Shaw,2,,2,,,
4414,Clare Shaw,1,,1,,,
4415,Kent Shaw,1,,1,,,
4416,Luci Shaw,1,,,,1,
4417,Glenn Shea,1,,1,,,
4418,Michael Martin Shea,1,,,1,,
4419,Emily Shearer,1,,1,,,
4420,Sean Shearer,1,,,1,,
4421,Faith Shearin,2,,,,2,
4422,Felicity Sheehy,1,,,1,,
4423,Derek Sheffield,2,,1,1,,
4424,Percy Bysshe Shelley,9,8,,,,1
4425,Matthew Shenoda,2,,,2,,
4426,Bret Shepard,4,,1,3,,
4427,Neil Shepard,3,,3,,,
4428,Reginald Shepherd,3,,,2,,1
4429,Maureen Sherbondy,5,,5,,,
4430,Cherene Sherrard,4,,2,1,,1
4431,Tim Sherry,1,,1,,,
4432,Samyak Shertok,2,,,1,,1
4433,Justin Sherwood,1,,1,,,
4434,Meg Shevenock,1,,1,,,
4435,Michael Shewmaker,1,,1,,,
4436,Simon Shieh,2,,,1,1,
4437,Masaoka Shiki,1,,,1,,
4438,Izumi Shikibu,4,,,,4,
4439,Brandon Shimoda,3,,,3,,
4440,Sun Yung Shin,1,,,1,,
4441,Jason Shinder,3,,,,1,2
4442,Katie Jean Shinkle,1,,1,,,
4443,Carrie Shipers,5,,5,,,
4444,Julia Shipley,1,,1,,,
4445,Vivian Shipley,2,,2,,,
4446,Christopher Shipman,1,,1,,,
4447,Peter Jay Shippy,3,,2,1,,
4448,Raena Shirali,4,,1,,1,2
4449,Warsan Shire,4,,,,2,2
4450,Evie Shockley,9,,,3,1,5
4451,Betsy Sholl,6,,6,,,
4452,Jacob Shores-Argüello,2,,,,,2
4453,Laura Shovan,1,,1,,,
4454,Dara-Lyn Shrager,1,,1,,,
4455,Kim Shuck,1,,,,,1
4456,Vinod Kumar Shukla,2,,,2,,
4457,Jason Shulman,1,,1,,,
4458,Peggy Shumaker,3,,3,,,
4459,David Shumate,2,,1,,1,
4460,Mandy Shunnarah,2,,,,2,
4461,Danielle Shuster,1,,1,,,
4462,Ciara Shuttleworth,1,,1,,,
4463,Hilary Sideris,3,,3,,,
4464,Joyce Sidman,1,,,,1,
4465,Brenda Sieczkowski,1,,1,,,
4466,Maia Siegel,1,,1,,,
4467,Robert Siegel,1,,1,,,
4468,Scot Siegel,2,,2,,,
4469,Yvette Siegert,2,,2,,,
4470,Rachelle Sierra,1,,,,1,
4471,Sabrina Siew,1,,,1,,
4472,Rita Signorelli-Pappas,1,,1,,,
4473,Cedar Sigo,3,,,1,,2
4474,Eleni Sikelianos,3,,1,1,,1
4475,Richard Siken,9,,1,3,4,1
4476,Martha Silano,15,,14,,,1
4477,Neil Silberblatt,1,,1,,,
4478,Robin Silbergleid,1,,,,,1
4479,Delilah Silberman,1,,,1,,
4480,Dorsía Smith Silva,1,,,1,,
4481,Veronica Silva,1,,,1,,
4482,Anya Krugovoy Silver,1,,,,,1
4483,Taije Silverman,1,,,,,1
4484,Shel Silverstein,1,,,,1,
4485,Antun Branko Šimić,1,,,1,,
4486,Charles Simic,11,,5,1,5,
4487,Goran Simić,1,,1,,,
4488,Kevin Simmonds,1,,1,,,
4489,Janice Fitzpatrick Simmons,1,,1,,,
4490,Daniel Simon,1,,,,,1
4491,Maurya Simon,1,,1,,,
4492,Sandra Simonds,5,,5,,,
4493,Brian Simoneau,2,,1,1,,
4494,Leonora Simonovis,1,,1,,,
4495,Jeff Simpson,1,,1,,,
4496,Louis Simpson,1,,,,1,
4497,caroline sinavaiana-gabbard,1,,,,,1
4498,Sean Singer,4,,2,1,,1
4499,Medha Singh,1,,,1,,
4500,Savannah Sipple,1,,,,,1
4501,Jen Siraganian,1,,,1,,
4502,Hal Sirowitz,1,,1,,,
4503,Callie Siskel,1,,,1,,
4504,Lemn Sissay,1,,,,,1
4505,Krzysztof Siwczyk,1,,,1,,
4506,Emily Skaja,2,,,,1,1
4507,Egill Skallagrímsson,1,,,1,,
4508,Jake Skeets,1,,,,,1
4509,Emily Skillings,2,,1,1,,
4510,Juddith Skillman,1,,1,,,
4511,Judith Skillman,6,,6,,,
4512,Jeffrey Skinner,1,,1,,,
4513,Jonathan Skinner,1,,,1,,
4514,Knute Skinner,3,,3,,,
4515,Ray Skjelbred,1,,1,,,
4516,Floyd Skloot,1,,1,,,
4517,Karen Skolfield,2,,2,,,
4518,Ed Skoog,2,,2,,,
4519,John Skoyles,1,,1,,,
4520,Ryan Skrabalak,1,,,1,,
4521,Tara Skurtu,1,,1,,,
4522,Ron Slate,4,,2,1,,1
4523,Lauren Goodwin Slaughter,3,,2,1,,
4524,Susan Slaviero,1,,1,,,
4525,Tom Sleigh,2,,1,1,,
4526,Derold Ernest Sligh,1,,1,,,
4527,Sarah J. Sloat,2,,2,,,
4528,Andrea Witzke Slot,1,,1,,,
4529,Amy Small-McKinney,1,,1,,,
4530,Sébastien Smirou,1,,,1,,
4531,Aaron Smith,2,,,1,,1
4532,Abraham Smith,2,,1,1,,
4533,Adrian Keith Smith,1,,,,,1
4534,Austin Smith,3,,2,,,1
4535,by Maggie Smith,1,,,,1,
4536,C. Henry Smith,1,,1,,,
4537,Carmen Giménez Smith,1,,,,,1
4538,Casey Smith,1,,,1,,
4539,Charlie Smith,1,,,,1,
4540,Claire Sylvester Smith,3,,3,,,
4541,Clint Smith,3,,,,1,2
4542,Cody Smith,1,,,1,,
4543,Crystal Simone Smith,1,,,1,,
4544,Danez Smith,3,,,,2,1
4545,Ellen McGrath Smith,1,,1,,,
4546,Erin Elizabeth Smith,1,,1,,,
4547,James Malone Smith,1,,1,,,
4548,Jared Smith,1,,1,,,
4549,Jasmine Elizabeth Smith,1,,,1,,
4550,Jess Smith,3,,3,,,
4551,John Smith,2,,2,,,
4552,Katherine Smith,2,,2,,,
4553,Kathryn Smith,3,,2,1,,
4554,Maggie Smith,11,,8,,1,2
4555,Matthew Buckley Smith,1,,1,,,
4556,Mike Smith,2,,2,,,
4557,Newton Smith,1,,1,,,
4558,Patricia Smith,3,,1,1,,1
4559,R. T. Smith,2,,2,,,
4560,Rich Smith,1,,1,,,
4561,Ryan Patrick Smith,1,,1,,,
4562,Steven Ray Smith,1,,1,,,
4563,Stevie Smith,1,,,,1,
4564,Theresa D. Smith,1,,1,,,
4565,Tracy K. Smith,5,,3,,,2
4566,Barton Smock,1,,,,1,
4567,M. L. Smoker,2,,,1,,1
4568,Allison Smythe,1,,1,,,
4569,Tom Snarsky,2,,,,2,
4570,Pamela Sneed,1,,,1,,
4571,Brian Sneeden,1,,1,,,
4572,Ralph Sneeden,1,,,1,,
4573,Priscilla Sneff,1,,1,,,
4574,Bruce Snider,2,,,1,,1
4575,Ann Snodgrass,1,,1,,,
4576,Gary Snyder,2,,,1,1,
4577,Rick Snyder,1,,1,,,
4578,Sarah Dickenson Snyder,1,,1,,,
4579,Megan Snyder-Camp,2,,2,,,
4580,Adrian Sobol,1,,,1,,
4581,Lasse Söderberg,1,,,1,,
4582,Ardengo Soffici,1,,,1,,
4583,Lim Solah,2,,,2,,
4584,Rose Solari,1,,1,,,
4585,Layli Long Soldier,2,,,1,,1
4586,Joanna Solfrian,2,,2,,,
4587,Karen Solie,1,,,,,1
4588,Moheb Soliman,1,,,1,,
4589,Natalie Solmer,1,,1,,,
4590,Sandy Solomon,1,,,,,1
4591,J.R. Solonche,8,,8,,,
4592,Brandon Som,1,,,1,,
4593,Max Somers,1,,1,,,
4594,Lily Someson,1,,,1,,
4595,Jason Sommer,1,,,1,,
4596,Ephraim Scott Sommers,2,,2,,,
4597,Cathy Song,1,,,,,1
4598,Grace Q. Song,1,,,,1,
4599,Katherine Soniat,2,,2,,,
4600,Nida Sophasarun,1,,,1,,
4601,Jeddie Sophronius,1,,,1,,
4602,Barbara Ellen Sorensen,1,,1,,,
4603,Philip Sorenson,1,,1,,,
4604,Celia A Sorhaindo,1,,1,,,
4605,Andrzej Sosnowski,1,,1,,,
4606,Analicia Sotelo,3,,,1,,2
4607,Christopher Soto,1,,,,,1
4608,Gary Soto,2,,2,,,
4609,Kennedy A. Gisege & Sin à Tes Souhaits,1,,,1,,
4610,Sarah Sousa,2,,2,,,
4611,Laurène Southe,1,,,,1,
4612,Lisa Russ Spaar,5,,4,1,,
4613,Barry Spacks,1,,1,,,
4614,Juliana Spahr,3,,,2,,1
4615,Ron Spalletta,1,,,,1,
4616,Amy Sparks,1,,1,,,
4617,Holly Wren Spaulding,1,,1,,,
4618,Mary Austin Speaker,2,,2,,,
4619,Rebecca A. Spears,1,,1,,,
4620,A.B. Spellman,4,,,2,,2
4621,Anne Spencer,1,,,,,1
4622,Beth Spencer,1,,1,,,
4623,Molly Spencer,4,,3,1,,
4624,Gabriel Spera,2,,2,,,
4625,Leonora Speyer,1,,,,,1
4626,Jack Spicer,2,,,,1,1
4627,Lianne Spidel,1,,1,,,
4628,Matthew J. Spireng,1,,1,,,
4629,Elizabeth Spires,1,,1,,,
4630,Kathleen Spivack,1,,,,1,
4631,Nathan Spoon,2,,,2,,
4632,Martha Sprackland,1,,,1,,
4633,Bianca Lynne Spriggs,1,,,,,1
4634,Angela María Spring,1,,,,,1
4635,Jane Springer,3,,3,,,
4636,Donna Spruijt-Metz,2,,1,1,,
4637,Violet Spurlock,1,,,1,,
4638,Carolyn Srygley-Moore,1,,1,,,
4639,Kim Stafford,4,,2,,,2
4640,William Stafford,4,,1,,2,1
4641,Pauline Stainer,1,,1,,,
4642,A. E. Stallings,11,,9,1,,1
4643,Eleanor Stanford,4,,4,,,
4644,Joannie Stangeland,1,,1,,,
4645,Jared Stanley,1,,,1,,
4646,Sappho Stanley,1,,,,,1
4647,Maura Stanton,2,,2,,,
4648,Heidi Lynn Staples,1,,1,,,
4649,Kathryn Starbuck,2,,2,,,
4650,Clemens Starck,1,,1,,,
4651,Jessica Q. Stark,1,,,1,,
4652,David Starkey,4,,4,,,
4653,Rebecca Starks,1,,1,,,
4654,Page Hill Starzinger,1,,,,,1
4655,Mark Statman,1,,,1,,
4656,Ed Steck,1,,,1,,
4657,Sasha Steensen,1,,,1,,
4658,Alina Stefanescu,4,,2,1,,1
4659,Aleš Šteger,1,,,1,,
4660,Heidy Steidlmayer,1,,1,,,
4661,Gertrude Stein,3,,,,1,2
4662,J. Hope Stein,2,,,1,,1
4663,Leigh Stein,1,,,,,1
4664,Melissa Stein,5,,4,,,1
4665,Anastasia Stelse,1,,1,,,
4666,Jordan Stempleman,1,,1,,,
4667,Annie Stenzel,2,,2,,,
4668,Maria Stepanova,3,,,3,,
4669,Dior J. Stephens,1,,,1,,
4670,Hannah Stephenson,1,,1,,,
4671,Phillip Sterling,1,,1,,,
4672,Gerald Stern,6,,4,,,2
4673,Sarah Stern,2,,2,,,
4674,Wallace Stevens,18,17,,,,1
4675,Anne Stevenson,1,,,,1,
4676,Ryann Stevenson,1,,,,,1
4677,Margo Taft Stever,3,,3,,,
4678,D. Antwan Stewart,2,,2,,,
4679,Joshua Michael Stewart,1,,1,,,
4680,Susan Stewart,4,,1,2,,1
4681,Christine Stewart-Nuñez,3,,3,,,
4682,Sarah Stickney,1,,,1,,
4683,Sophia Stid,1,,,1,,
4684,Eric Stiefel,1,,1,,,
4685,Randall Stiffler,1,,1,,,
4686,Pablo Piñero Stillmann,2,,,,,2
4687,Alison Stine,1,,1,,,
4688,Victoria Stitt,1,,,1,,
4689,William Stobb,3,,3,,,
4690,Rosie Stockton,1,,,1,,
4691,Sarah Stockton,1,,1,,,
4692,Alison Stone,4,,4,,,
4693,Bianca Stone,4,,1,1,,2
4694,Carole Stone,1,,1,,,
4695,Dan Stone,1,,1,,,
4696,Ellen Stone,1,,1,,,
4697,Eric Greinke & Alison Stone,1,,1,,,
4698,Myrna Stone,2,,2,,,
4699,Nomi Stone,3,,,,1,2
4700,Ruth Stone,2,,1,1,,
4701,Donna Stonecipher,1,,1,,,
4702,Sara Jane Stoner,1,,1,,,
4703,Julia Story,1,,1,,,
4704,Katerina Stoykova,1,,1,,,
4705,Katerina Stoykova-Klemer,1,,1,,,
4706,Steve Straight,1,,1,,,
4707,Zack Strait,1,,1,,,
4708,Mark Strand,6,,,,5,1
4709,Brian Strang,1,,1,,,
4710,Barbara Buckman Strasko,1,,1,,,
4711,Austin Straus,1,,1,,,
4712,Timmy Straw,2,,,2,,
4713,Peter Streckfus,1,,1,,,
4714,Meredith Stricker,2,,2,,,
4715,A.E. Stringer,3,,3,,,
4716,Dao Strom,1,,,1,,
4717,Julien Strong,1,,,1,,
4718,Liam Strong,1,,1,,,
4719,Sarah Pemberton Strong,1,,1,,,
4720,Joseph Stroud,2,,,,,2
4721,John Struloeff,1,,1,,,
4722,Dan Stryk,1,,1,,,
4723,Janaka Stucky,1,,1,,,
4724,Melissa Studdard,5,,4,,,1
4725,Adrienne Su,2,,1,1,,
4726,Jessica Lynn Suchon,1,,1,,,
4727,Jaz Sufi,2,,,1,1,
4728,Yerra Sugarman,1,,1,,,
4729,DeShara Suggs-Joe,1,,,,,1
4730,Julie Suk,2,,2,,,
4731,Marcela Sulak,3,,3,,,
4732,Hannah Sullivan,1,,,1,,
4733,Joy Sullivan,2,,,,1,1
4734,Lisa Summe,1,,1,,,
4735,Lee Sumyeong,1,,,1,,
4736,Ramón C. Sunico,2,,,,2,
4737,Edward Michael O'Durr Supranowicz,1,,1,,,
4738,Enzo Silon Surin,1,,1,,,
4739,John Surowiecki,2,,2,,,
4740,Jennifer A Sutherland,1,,1,,,
4741,Joyce Sutphen,2,,2,,,
4742,Anna B. Sutton,1,,1,,,
4743,Benjamin Sutton,1,,1,,,
4744,Maxwell Suzuki,1,,1,,,
4745,Mathias Svalina,1,,,1,,
4746,Mark Svenvold,1,,1,,,
4747,Terese Svoboda,2,,2,,,
4748,Heather Swan,1,,1,,,
4749,Marc Swan,1,,1,,,
4750,Patrick Swaney,1,,1,,,
4751,David Swanger,1,,1,,,
4752,Brian Swann,1,,1,,,
4753,Chad Sweeney,2,,2,,,
4754,Dennis James Sweeney,2,,1,1,,
4755,Jennifer K. Sweeney,3,,3,,,
4756,Matthew Sweeney,1,,1,,,
4757,Charles Sweetman,1,,1,,,
4758,Cole Swensen,1,,,1,,
4759,May Swenson,1,,,,1,
4760,Joan Swift,1,,,,,1
4761,Jonathan Swift,1,1,,,,
4762,Anna Swir,1,,,,1,
4763,Wally Swist,1,,1,,,
4764,Tuệ Sỹ,1,,,1,,
4765,Elizabeth Sylvia,1,,1,,,
4766,Arthur Sze,5,,1,2,,2
4767,Gillian Sze,2,,,1,1,
4768,Fiona Sze-Lorrain,3,,2,1,,
4769,Andrew Szilvasy,1,,1,,,
4770,George Szirtes,3,,2,1,,
4771,Larissa Szporluk,3,,3,,,
4772,Mary Szybist,4,,,2,,2
4773,Stacy Szymaszek,1,,,1,,
4774,Wisława Szymborska,4,,,1,3,
4775,Wislawa Szymborska,1,,,,1,
4776,Eileen R. Tabios,1,,1,,,
4777,Nano Taggart,1,,1,,,
4778,Paige Taggart,1,,,,,1
4779,Rabindranath Tagore,2,,,,,2
4780,Talin Tahajian,5,,1,2,2,
4781,Dujie Tahat,1,,,1,,
4782,Sidney Taiko,1,,1,,,
4783,Nancy Takacs,1,,1,,,
4784,Shuzo Takiguchi,1,,,1,,
4785,Rob Talbert,1,,1,,,
4786,Bridget Talone,1,,1,,,
4787,Sara Talpos,1,,1,,,
4788,Adeeba Shahid Talukder,2,,1,1,,
4789,Amber Tamblyn,1,,,,,1
4790,Rachel Tanaka,1,,,1,,
4791,Yuki Tanaka,1,,,1,,
4792,Jessica Tanck,2,,2,,,
4793,Jason Tandon,5,,5,,,
4794,Yuko Taniguchi,1,,,1,,
4795,Shuntaro Tanikawa,1,,,1,,
4796,Anne Tannam,1,,1,,,
4797,Jiang Tao,1,,,1,,
4798,Luci Tapahonso,1,,,,,1
4799,Bianca Tarozzi,1,,1,,,
4800,Bronwen Tate,2,,,,,2
4801,James Tate,2,,,2,,
4802,Salette Tavares,1,,,1,,
4803,Adam Tavel,8,,8,,,
4804,Ken Taylor,1,,1,,,
4805,Sam Taylor,1,,1,,,
4806,Shelly Taylor,2,,2,,,
4807,Tara Flint Taylor,1,,1,,,
4808,Tess Taylor,2,,,,,2
4809,Fargo Nissim Tbakhi,2,,,2,,
4810,Alexandra Teague,3,,3,,,
4811,Brian Teare,1,,,1,,
4812,Sara Teasdale,21,18,,,2,1
4813,Craig Morgan Teicher,5,,4,,,1
4814,Michael Teig,5,,5,,,
4815,Ryan Teitman,2,,1,,,1
4816,Roberto Tejada,1,,,1,,
4817,Susan Tekulve,1,,1,,,
4818,Alice Templeton,1,,1,,,
4819,Molly Tenenbaum,4,,4,,,
4820,Alfred Lord Tennyson,10,10,,,,
4821,Sophia Terazawa,1,,,,,1
4822,Christian Teresi,1,,1,,,
4823,Richard Terrill,1,,1,,,
4824,Susan Terris,2,,2,,,
4825,Maria Terrone,1,,1,,,
4826,Daniel Nathan Terry,1,,1,,,
4827,A.S.J. Tessimond,1,,,,1,
4828,Mark Thalman,1,,1,,,
4829,Terry Ann Thaxton,1,,1,,,
4830,Casey Thayer,2,,2,,,
4831,Susana Thénon,1,,,1,,
4832,Jeri Theriault,1,,1,,,
4833,Diane Thiel,2,,2,,,
4834,Cameron Thomas,1,,1,,,
4835,Gail Thomas,2,,2,,,
4836,Gray Thomas,1,,1,,,
4837,John Thomas,1,,1,,,
4838,Larry D. Thomas,1,,1,,,
4839,Randolph Thomas,2,,2,,,
4840,Robert Thomas,3,,2,1,,
4841,Sally Thomas,1,,1,,,
4842,Thomas A. Thomas,1,,1,,,
4843,Gale Marie Thompson,3,,3,,,
4844,Jessica D. Thompson,1,,1,,,
4845,Lynne Thompson,3,,,,,3
4846,Priscilla Jane Thompson,1,,,,,1
4847,Ruth Thompson,2,,2,,,
4848,Sue Ellen Thompson,1,,1,,,
4849,Jeffrey Thomson,1,,,,,1
4850,Melanie Rae Thon,1,,1,,,
4851,Matthew Thorburn,5,,5,,,
4852,David Thoreen,1,,1,,,
4853,Padma Thornlyre,1,,1,,,
4854,Maureen Thorson,3,,2,,,1
4855,Ginny Threefoot,1,,,1,,
4856,Anthony Thwaite,1,,1,,,
4857,Emily Tian,1,,1,,,
4858,Tianyi,1,,,1,,
4859,Chidiock Tichborne,1,,,1,,
4860,Linda Tieber,1,,1,,,
4861,Edith Tiempo,1,,,,1,
4862,Brian Tierney,3,,1,1,,1
4863,Matthew Tierney,1,,1,,,
4864,Orchid Tierney,1,,,1,,
4865,Jeff Tigchelaar,1,,1,,,
4866,Madeline Tiger,2,,2,,,
4867,Eva Tihanyi,1,,1,,,
4868,Terence Tiller,1,,1,,,
4869,The New York Times,1,,,,1,
4870,Rolando S. Tinio,4,,,,4,
4871,Allison Titus,3,,2,,1,
4872,Rachelle Toarmino,2,,,1,,1
4873,Chrys Tobey,1,,1,,,
4874,Daniel Tobin,3,,3,,,
4875,Cody Todd,1,,1,,,
4876,by Mosab Abu Toha,1,,,,1,
4877,Mosab Abu Toha,1,,,1,,
4878,Laura Tohe,1,,,,,1
4879,Naima Yael Tokunow,1,,1,,,
4880,James Tolan,2,,2,,,
4881,Ajibola Tolase,1,,,1,,
4882,Makshya Tolbert,1,,,1,,
4883,TC Tolbert,1,,1,,,
4884,J.R.R. Tolkien,2,,,,2,
4885,Kristín Svava Tómasdóttir,1,,,1,,
4886,Natalie Louise Tombasco,2,,2,,,
4887,Sony Ton-Aime,1,,,1,,
4888,Heather Tone,1,,,,,1
4889,Chris Tonelli,1,,1,,,
4890,Nicole Tong,1,,,1,,
4891,Jean Toomer,1,,,,,1
4892,Khal Torabully,1,,,1,,
4893,Vincent Toro,2,,,1,,1
4894,Mónica de la Torre,2,,,2,,
4895,Stephan Torre,1,,,1,,
4896,Angela Narciso Torres,4,,1,1,,2
4897,Michael Torres,2,,,,,2
4898,Sergio Mansilla Torres,1,,,1,,
4899,Emma Törzs,1,,1,,,
4900,Rodrigo Toscano,2,,,,,2
4901,Krisztina Tóth,1,,,1,,
4902,Piero Toto,1,,1,,,
4903,Claudine Toutoungi,2,,1,1,,
4904,Wyatt Townley,1,,,,,1
4905,Ann Townsend,2,,1,,,1
4906,Em Townsend,1,,1,,,
4907,Marie Tozier,1,,,1,,
4908,Sara Tracey,1,,1,,,
4909,Georg Trakl,1,,1,,,
4910,Eric Tran,2,,1,1,,
4911,Paul Tran,3,,,,1,2
4912,Tran Tran,1,,,,1,
4913,Truong Tran,1,,,,,1
4914,Tomas Tranströmer,2,,,1,,1
4915,Jayrold Trasporte,1,,,,,1
4916,Nora Treatbaby,1,,,1,,
4917,Emma Trelles,2,,2,,,
4918,Natasha Trethewey,2,,,,1,1
4919,Jon Tribble,2,,2,,,
4920,Jacqueline Allen Trimble,1,,,1,,
4921,David Trinidad,1,,1,,,
4922,Pimone Triplett,1,,,,,1
4923,Steffan Triplett,1,,,1,,
4924,KC Trommer,1,,1,,,
4925,Rosemerry Wahtola Trommer,5,,,,5,
4926,Quincy Troupe,2,,2,,,
4927,William Trowbridge,5,,5,,,
4928,Fernando Trujillo,2,,1,1,,
4929,Rhett Iseman Trull,2,,2,,,
4930,Chris Tse,1,,,,1,
4931,George Tsongas,1,,,,1,
4932,Marina Tsvetaeva,1,,,,1,
4933,Lena Tsykynovska,1,,,1,,
4934,Pádraig Ó Tuama,6,,,1,2,3
4935,Seth Brady Tucker,2,,1,,,1
4936,Melissa Tuckey,1,,1,,,
4937,Matthew Tuckner,2,,,2,,
4938,by Lena Khalaf Tuffaha,1,,,,1,
4939,Lena Khalaf Tuffaha,3,,,3,,
4940,Millie Tullis,1,,,1,,
4941,Bunkong Tuon,4,,3,1,,
4942,Nur Turkmani,3,,,,3,
4943,Lindsay Turner,2,,,2,,
4944,Robin Turner,1,,1,,,
4945,Alice Turski,1,,1,,,
4946,Emily Tuszynska,3,,2,1,,
4947,Mark Twain,1,,,,1,
4948,Chase Twichell,1,,1,,,
4949,Michael Tyrell,1,,1,,,
4950,Helen Tzagoloff,2,,2,,,
4951,Tristan Tzara,2,,1,1,,
4952,Sun Tzu-ping,2,,,2,,
4953,Pauline Uchmanowicz,1,,1,,,
4954,Jay Udall,2,,1,,,1
4955,Leslie Ullman,1,,1,,,
4956,Leah Umansky,6,,5,,,1
4957,Ko Un,1,,,,,1
4958,Chimwemwe Undi,1,,,1,,
4959,Barbara Ungar,1,,1,,,
4960,Lee Upton,9,,8,,,1
4961,Kirmen Uribe,1,,,1,,
4962,Sara Uribe,2,,,,2,
4963,Liliana Ursu,1,,,1,,
4964,Tom Useted,1,,1,,,
4965,Rimas Uzgiris,1,,,1,,
4966,José Vadi,1,,1,,,
4967,Norma Liliana Valdez,1,,1,,,
4968,Jean Valentine,5,,2,1,1,1
4969,Ruth Valentine,1,,1,,,
4970,Paul Valéry,1,,,1,,
4971,César Vallejo,3,,,1,1,1
4972,Jesús I. Valles,2,,,,,2
4973,Valmiki,1,,,1,,
4974,Fernando Valverde,1,,1,,,
4975,Kelsi Vanada,1,,,1,,
4976,David Ray Vance,2,,2,,,
4977,Han VanderHart,2,,1,1,,
4978,Hannah VanderHart,2,,1,1,,
4979,Robert VanderMolen,1,,,1,,
4980,Mai Der Vang,3,,,2,,1
4981,Preeti Vangani,1,,,,,1
4982,Sarah Vap,3,,3,,,
4983,Blanca Varela,1,,,1,,
4984,Mariana Berenice Bredow Vargas,1,,,1,,
4985,Richard Vargas,1,,1,,,
4986,Tom Vaughan,1,,,,1,
4987,Angela C. Trudell Vazquez,1,,,,,1
4988,Cindy Veach,3,,3,,,
4989,Dan Veach,1,,1,,,
4990,Martín Veiga,1,,,1,,
4991,Javier Velaza,1,,,,,1
4992,Tomas Venclova,1,,,1,,
4993,Jan Verberkmoes,1,,,1,,
4994,Paul Verlaine,1,,,,,1
4995,Jeanann Verlee,1,,1,,,
4996,Martin Vest,2,,2,,,
4997,Justin Vicari,1,,1,,,
4998,Divya Victor,1,,,,,1
4999,Cecilia Vicuña,1,,,1,,
5000,Wendy Videlock,3,,3,,,
5001,Vievee,1,,,,,1
5002,José García Villa,2,,,,2,
5003,R.A. Villanueva,5,,1,,,4
5004,Laura Villareal,1,,,,,1
5005,Stalina Emmanuelle Villarreal,1,,,1,,
5006,Vanessa Angélica Villarreal,1,,,,,1
5007,David Joez Villaverde,1,,,1,,
5008,Ryan Vine,3,,2,1,,
5009,Adam Vines,3,,3,,,
5010,Julia Vinograd,1,,1,,,
5011,Cady Vishniac,1,,1,,,
5012,Ida Vitale,1,,,1,,
5013,Giovanna Cristina Vivinetto,1,,,1,,
5014,Emily Vizzo,1,,1,,,
5015,Morgan Võ,1,,,1,,
5016,Angela Vogel,4,,4,,,
5017,Danielle Vogel,1,,,1,,
5018,Molly Vogel,1,,,1,,
5019,Arthur Vogelsang,2,,1,,1,
5020,Ellen Bryant Voigt,5,,,3,2,
5021,Connie Voisine,1,,,,,1
5022,Karen Volkman,1,,1,,,
5023,Kim Van Voorhees,1,,,,1,
5024,Donna Vorreyer,1,,,1,,
5025,Hannah Voteur,1,,,,1,
5026,Ocean Vuong,7,,3,1,1,2
5027,Phuong T. Vuong,5,,2,,,3
5028,Alexander Vvedensky,1,,,1,,
5029,Avni Vyas,1,,1,,,
5030,Rushi Vyas,1,,,1,,
5031,Abdourahman A. Waberi,2,,,2,,
5032,Margaret Wack,1,,1,,,
5033,Bernardo Wade,1,,,1,,
5034,Julie Marie Wade,1,,1,,,
5035,Sidney Wade,6,,5,,,1
5036,Rashna Wadia,1,,1,,,
5037,Asiya Wadud,5,,,2,,3
5038,Mark Wagenaar,4,,4,,,
5039,Miles Waggener,1,,1,,,
5040,Jan Wagner,1,,1,,,
5041,Jeanne Wagner,3,,3,,,
5042,Sara Moore Wagner,3,,2,,,1
5043,David Wagoner,9,,8,,,1
5044,Claire Wahmanholm,6,,4,1,,1
5045,Stacey Waite,2,,1,1,,
5046,Richard Wakefield,2,,2,,,
5047,Derek Walcott,8,,,1,5,2
5048,Anne Waldman,4,,2,,,2
5049,Liz Waldner,1,,1,,,
5050,Peter Waldor,1,,1,,,
5051,G. C. Waldrep,5,,1,3,,1
5052,Rosmarie Waldrop,1,,,1,,
5053,Alice Walker,1,,,,1,
5054,Cody Walker,1,,1,,,
5055,Elinor Ann Walker,1,,1,,,
5056,Frank X Walker,2,,2,,,
5057,Laura Walker,1,,,1,,
5058,Marg Walker,1,,1,,,
5059,Margaret Walker,3,,,,,3
5060,Nicole Walker,1,,1,,,
5061,Devon Walker-Figueroa,2,,,1,,1
5062,William Wall,1,,1,,,
5063,Helen Pruitt Wallace,1,,,,,1
5064,Jennifer Wallace,1,,1,,,
5065,Joni Wallace,4,,4,,,
5066,Ronald Wallace,4,,4,,,
5067,Barry Wallenstein,1,,1,,,
5068,Nikki Wallschlaeger,5,,3,1,,1
5069,Kieron Walquist,1,,,,,1
5070,Robert Walser,1,,,1,,
5071,Jessica L. Walsh,2,,2,,,
5072,Michael Joseph Walsh,2,,1,1,,
5073,William D. Waltz,2,,2,,,
5074,Connie Wanek,2,,1,1,,
5075,Ashley Wang,1,,1,,,
5076,Jackie Wang,1,,,1,,
5077,Le Wang,1,,1,,,
5078,Michelle Wang,1,,1,,,
5079,Sanna Wani,4,,,1,1,2
5080,Fritz Ward,1,,1,,,
5081,Junious Ward,1,,,1,,
5082,Mark Ward,1,,1,,,
5083,Daneen Wardrop,1,,1,,,
5084,Noah Wareness,1,,1,,,
5085,Ahren Warner,1,,1,,,
5086,Anthony Warnke,1,,1,,,
5087,Deborah Warren,1,,,1,,
5088,H Warren,1,,1,,,
5089,Noah Warren,1,,,1,,
5090,Rosanna Warren,4,,,4,,
5091,Lewis Warsh,1,,,1,,
5092,Michael Wasson,1,,,1,,
5093,Lauren K. Watel,2,,,,,2
5094,Michael Waters,3,,3,,,
5095,A. E. Watkins,3,,3,,,
5096,Ellen Doré Watson,3,,2,,1,
5097,Laura Paul Watson,2,,2,,,
5098,Madeleine Wattenberg,1,,,1,,
5099,Jane O. Wayne,2,,2,,,
5100,Afaa M. Weaver,5,,2,1,,2
5101,Julene Tripp Weaver,1,,1,,,
5102,Charles Harper Webb,3,,3,,,
5103,Paige Webb,1,,1,,,
5104,Shannon Webb-Campbell,1,,,1,,
5105,H.R. Webster,1,,1,,,
5106,Kerri Webster,1,,1,,,
5107,Natalie Wee,1,,,,1,
5108,Rebecca Wee,2,,,,,2
5109,Gillian Wegener,1,,1,,,
5110,Richard Wehrman,1,,,,1,
5111,Cat Wei,3,,1,1,,1
5112,Wang Wei,1,,,1,,
5113,Yi Wei,1,,,,1,
5114,Yun Wei,1,,,1,,
5115,Bruce Weigl,1,,1,,,
5116,Joe Weil,1,,1,,,
5117,Simone Weil,1,,,1,,
5118,Arlene Weiner,1,,1,,,
5119,Jonathan Weinert,2,,1,1,,
5120,Arne Weingart,1,,1,,,
5121,Eric Weinstein,1,,1,,,
5122,Jillian Weise,1,,1,,,
5123,Sarah Brown Weitzman,2,,1,1,,
5124,David Welch,2,,2,,,
5125,James Welch,1,,,,1,
5126,Tana Jean Welch,2,,1,1,,
5127,Timothy Daniel Welch,1,,1,,,
5128,Laura Grace Weldon,2,,2,,,
5129,Marjorie Welish,1,,,1,,
5130,Brandi Wells,1,,1,,,
5131,Jonathan Wells,1,,,1,,
5132,Kory Wells,1,,,,,1
5133,Sarah M. Wells,1,,1,,,
5134,Zachariah Wells,1,,1,,,
5135,Gabriel Welsch,1,,1,,,
5136,Ingrid Wendt,1,,1,,,
5137,William Wenthe,2,,2,,,
5138,Elizabeth Clark Wessel,1,,1,,,
5139,Sasha West,2,,1,,,1
5140,Simon West,1,,,,,1
5141,Carol Westberg,1,,1,,,
5142,Laura Wetherington,2,,2,,,
5143,Sarah Wetzel,1,,,,,1
5144,Jennifer Whalen,1,,1,,,
5145,John Whalen,2,,2,,,
5146,Phillis Wheatley,11,11,,,,
5147,Betsy Wheeler,3,,3,,,
5148,Lesley Wheeler,7,,6,1,,
5149,Susan Wheeler,1,,1,,,
5150,W. Vandoren Wheeler,1,,1,,,
5151,Shelley Whitaker,1,,1,,,
5152,Caroline Noble Whitbeck,1,,1,,,
5153,Katharine Whitcomb,3,,3,,,
5154,Alice White,3,,,,2,1
5155,Allison Benis White,1,,1,,,
5156,Artress Bethany White,1,,,,,1
5157,E. B. White,1,,,,1,
5158,Gail White,2,,2,,,
5159,J.P. White,1,,1,,,
5160,Michael White,1,,1,,,
5161,Mike White,3,,3,,,
5162,Nancy White,3,,3,,,
5163,Orlando White,1,,,,,1
5164,Philip White,1,,1,,,
5165,Renia White,1,,,,,1
5166,Ross White,1,,1,,,
5167,Sarah White,1,,1,,,
5168,Simone Muench & Jackie K. White,1,,1,,,
5169,Gary J. Whitehead,3,,2,,,1
5170,Lauren Whitehead,1,,,,,1
5171,Robert Whitehead,1,,1,,,
5172,Jim Whiteside,1,,,1,,
5173,Walt Whitman,22,15,,1,3,3
5174,Diana Whitney,1,,,,,1
5175,Jeff Whitney,1,,1,,,
5176,Philip Schaefer & Jeff Whitney,1,,1,,,
5177,Michelle Whittaker,2,,,,,2
5178,Amie Whittemore,6,,5,1,,
5179,David Whyte,2,,,,2,
5180,Marcus Wicker,6,,1,1,,4
5181,Joan Wickersham,1,,1,,,
5182,Susan Wicks,1,,,1,,
5183,Richard Widerkehr,1,,1,,,
5184,Adam Wiedewitsch,1,,,,,1
5185,Debra Wierenga,1,,1,,,
5186,Anne Pierson Wiese,1,,1,,,
5187,Menno Wigman,1,,,1,,
5188,Lakdhas Wikkramasinha,1,,,1,,
5189,A.E. Wilberton,1,,1,,,
5190,Richard Wilbur,1,,,,1,
5191,Oscar Wilde,9,9,,,,
5192,Cheryl Wilder,1,,1,,,
5193,Joe Wilkins,3,,2,1,,
5194,Jon Wilkins,1,,1,,,
5195,Caki Wilkinson,3,,2,1,,
5196,Crystal Wilkinson,3,,,1,,2
5197,Joshua Marie Wilkinson,1,,1,,,
5198,Judith Wilkinson,1,,1,,,
5199,Sunni Brown Wilkinson,2,,1,1,,
5200,Bruce Willard,2,,1,,,1
5201,Nancy Willard,1,,,,1,
5202,Adele Elise Williams,3,,,1,,2
5203,C. McAllister Williams,2,,2,,,
5204,Candace Williams,1,,,,,1
5205,Chrissy Williams,1,,1,,,
5206,C.K. Williams,3,,,,1,2
5207,Crystal Williams,1,,,,,1
5208,Derek JG Williams,1,,1,,,
5209,Genevieve Williams,1,,1,,,
5210,John Sibley Williams,6,,6,,,
5211,L. Ash Williams,1,,,,,1
5212,Leslie Williams,3,,3,,,
5213,Lisa Williams,2,,2,,,
5214,Najya Williams,1,,,,1,
5215,Phillip B. Williams,4,,,,1,3
5216,Ruth Williams,1,,1,,,
5217,Rynn Williams,1,,1,,,
5218,Tyrone Williams,1,,1,,,
5219,William Carlos Williams,20,13,,,5,2
5220,Corrie Williamson,3,,1,2,,
5221,Greg Williamson,1,,1,,,
5222,Jess Williard,1,,1,,,
5223,Elizabeth Willis,4,,1,1,,2
5224,Mia S. Willis,2,,,,,2
5225,Paul J. Willis,2,,2,,,
5226,Dylan Willoughby,2,,2,,,
5227,Jennifer Willoughby,1,,1,,,
5228,Eleanor Wilner,3,,2,,,1
5229,Eliot Khalil Wilson,1,,1,,,
5230,Emily Wilson,1,,,1,,
5231,Erin Wilson,4,,4,,,
5232,Frank Wilson,1,,1,,,
5233,Keith S. Wilson,1,,,,,1
5234,L. Lamar Wilson,1,,,,,1
5235,Leia Penina Wilson,3,,2,1,,
5236,Lindsay Wilson,2,,2,,,
5237,Melinda Wilson,1,,1,,,
5238,Robley Wilson,1,,1,,,
5239,Ryan Wilson,1,,1,,,
5240,Steve Wilson,1,,1,,,
5241,Christian Wiman,2,,,,,2
5242,Matthew Wimberley,1,,1,,,
5243,Maw Shein Win,1,,,1,,
5244,Terence Winch,5,,4,1,,
5245,Nance Van Winckel,9,,9,,,
5246,Catherine Wing,1,,1,,,
5247,Steven Winn,1,,1,,,
5248,Cori Winrock,4,,2,,,2
5249,Ava Nathaniel Winter,1,,,,,1
5250,Kathleen Winter,3,,3,,,
5251,Max Winter,1,,1,,,
5252,Heather Winterer,1,,1,,,
5253,Suzanne Wise,1,,1,,,
5254,Wendy Wisner,1,,1,,,
5255,Laura Budofsky Wisniewski,2,,2,,,
5256,Terri Witek,2,,1,1,,
5257,Steven Withrow,1,,1,,,
5258,Francine Witte,1,,1,,,
5259,George Witte,1,,1,,,
5260,Valerie Witte,2,,1,1,,
5261,Dom Witten,1,,1,,,
5262,Rodney Wittwer,1,,1,,,
5263,"Ouyang Jianghe, translated from the Chinese by Austin Woerner",1,,,,,1
5264,Emily Wolahan,2,,2,,,
5265,Elizabeth S. Wolf,1,,1,,,
5266,Emma Sky Wolf,1,,1,,,
5267,Michele Wolf,1,,1,,,
5268,Uljana Wolf,3,,2,1,,
5269,Daniel Wolff,1,,1,,,
5270,Sarah Wolfson,1,,1,,,
5271,Richard Wollman,1,,1,,,
5272,Cecilia Woloch,4,,3,,1,
5273,Sholeh Wolpé,1,,1,,,
5274,Terry Wolverton,2,,2,,,
5275,James Womack,1,,,1,,
5276,Yi Won,1,,,1,,
5277,Jane Wong,2,,,2,,
5278,Nicholas Wong,3,,2,1,,
5279,Rita Wong,1,,,1,,
5280,Shelley Wong,4,,2,,,2
5281,Stella Wong,6,,4,1,,1
5282,Joseph P. Wood,3,,3,,,
5283,Karenne Wood,2,,,,,2
5284,Lorna Wood,1,,1,,,
5285,Chelsea Woodard,2,,2,,,
5286,Diana Woodcock,1,,1,,,
5287,Anna Woodford,1,,1,,,
5288,Annie Woodford,1,,,1,,
5289,Anne Love Woodhull,1,,1,,,
5290,Alison Woods,1,,1,,,
5291,Anne Harding Woodworth,1,,1,,,
5292,Amy Woolard,1,,1,,,
5293,William Woolfitt,3,,2,1,,
5294,William Wordsworth,13,12,,,,1
5295,Elisabeth Workman,1,,1,,,
5296,Jeff Worley,1,,1,,,
5297,Baron Wormser,1,,1,,,
5298,Theodore Worozbyt,2,,2,,,
5299,Stefanie Wortman,2,,2,,,
5300,Tobias Wray,2,,1,1,,
5301,Greg Wrenn,2,,2,,,
5302,Amy Wright,1,,1,,,
5303,Carolyne Wright,6,,6,,,
5304,Catriona Wright,1,,,1,,
5305,C.D. Wright,10,,1,3,4,2
5306,Charles Wright,6,,2,1,2,1
5307,Ellen June Wright,1,,1,,,
5308,Erica Wright,2,,2,,,
5309,Franz Wright,5,,,,5,
5310,Howard Wright,1,,1,,,
5311,James Wright,2,,,1,1,
5312,Jay Wright,2,,,2,,
5313,Nell Wright,1,,,1,,
5314,Robert Wrigley,2,,2,,,
5315,Jennie Wrisley,1,,1,,,
5316,Gail Wronsky,1,,1,,,
5317,Mark Wunderlich,4,,1,1,,2
5318,Charles Wyatt,1,,1,,,
5319,Adam Wyeth,2,,2,,,
5320,Elinor Wylie,2,,,,,2
5321,Justin Wymer,1,,1,,,
5322,Emma Wynn,1,,1,,,
5323,Victoria Wyttenberg,1,,1,,,
5324,Zêdan Xelef,1,,,1,,
5325,Hua Xi,2,,,1,,1
5326,Zhang Xian,1,,,1,,
5327,Wang Xiaoni,1,,,,,1
5328,Zheng Xiaoqiong,1,,,1,,
5329,Jenny Xie,2,,,1,,1
5330,Khaty Xiong,2,,1,1,,
5331,Yu Xiuhua,1,,,1,,
5332,Lynn Xu,1,,,1,,
5333,Wendy Xu,8,,3,2,1,2
5334,Yu Xuanji,1,,,1,,
5335,Mark Yakich,3,,3,,,
5336,Anton Yakovlev,1,,,1,,
5337,Ryo Yamaguchi,2,,2,,,
5338,Bret Yamanaka,1,,,1,,
5339,Ma Yan,1,,,1,,
5340,Jeffrey Yang,1,,,1,,
5341,Lao Yang,1,,,1,,
5342,Matvei Yankelevich,1,,,1,,
5343,Yanyi,4,,,1,3,
5344,Yaya Yao,1,,,,,1
5345,Bill Yarrow,1,,1,,,
5346,Seema Yasmin,2,,1,,,1
5347,Ronnie Yates,1,,1,,,
5348,John Yau,2,,1,,,1
5349,Joey Yearous-Algozin,1,,,1,,
5350,William Butler Yeats,18,15,,1,2,
5351,Ariel Yelen,2,,,,,2
5352,Jon Kelly Yenser,1,,1,,,
5353,Yevgency Yevtushenko,1,,,,1,
5354,Yevgeny Yevtushenko,6,,,,6,
5355,David Yezzi,2,,2,,,
5356,Wen Yiduo,1,,,,,1
5357,Wang Yin,1,,,1,,
5358,Nicholas Yingling,2,,1,1,,
5359,Don Jesús Yoilo'i,1,,,1,,
5360,Sin Yong-Mok,1,,,1,,
5361,Jake Adam York,3,,2,,,1
5362,John Thomas York,1,,1,,,
5363,Lu You,1,,,1,,
5364,Ammara Younas,1,,1,,,
5365,Abe Louise Young,1,,1,,,
5366,Ally H. Young,1,,,,,1
5367,Andy Young,1,,1,,,
5368,C. Dale Young,5,,3,1,,1
5369,Dean Young,8,,6,,1,1
5370,Gary Young,5,,3,1,,1
5371,Jessica Young,1,,1,,,
5372,Kevin Young,9,,1,2,2,4
5373,Laurie Saurborn Young,1,,1,,,
5374,Michael T. Young,1,,1,,,
5375,Moon Bo Young,1,,,1,,
5376,Natalie Padilla Young,1,,1,,,
5377,Lee Young-ju,1,,,1,,
5378,Saadi Youssef,1,,,1,,
5379,Han Yu,1,,,1,,
5380,Josephine Yu,1,,1,,,
5381,Li Yu,1,,,1,,
5382,Song Yu,1,,,,,1
5383,Chen Yuhong,1,,,1,,
5384,Oksana Zabushko,1,,,,,1
5385,Laura Zacharin,1,,1,,,
5386,Adam Zagajewski,10,,,1,6,3
5387,Omama Zaier,1,,,1,,
5388,Felicia Zamora,2,,1,,,1
5389,Javier Zamora,3,,1,,,2
5390,Jordan Zandi,1,,1,,,
5391,Isabel Zapata,2,,,2,,
5392,Matthew Zapruder,6,,3,1,,2
5393,Ghassan Zaqtan,1,,1,,,
5394,Andrew Zawacki,1,,1,,,
5395,Andrena Zawinski,1,,1,,,
5396,Rewa Zeinati,2,,1,1,,
5397,Mary Zeppa,1,,1,,,
5398,Aaron Zhang,1,,,,,1
5399,Taylor Zhang,1,,1,,,
5400,Jianqing Zheng,1,,1,,,
5401,Zhang Zhihao,1,,,1,,
5402,Grace H. Zhou,1,,1,,,
5403,Molly Zhu,1,,,,1,
5404,Sophie Zhu,1,,,,1,
5405,Samantha Zighelboim,1,,1,,,
5406,Theodora Ziolkowski,2,,2,,,
5407,Yvonne Zipter,2,,2,,,
5408,Maria Zoccola,2,,,2,,
5409,Verónica Zondek,1,,,1,,
5410,Winniebell Xinyu Zong,1,,1,,,
5411,Serrina Zou,1,,1,,,
5412,Anna Zumbahlen,1,,,,,1
5413,Jason Zuzga,1,,1,,,
5414,Jane Zwart,5,,3,,,2
5415,Martha Zweig,2,,2,,,
5416,Suzanne Zweizig,2,,2,,,
5417,Jan Zwicky,1,,,,1,
5418,Aleksander Zywicki,1,,,1,,
